Music is ON	Music is ON
Music is OFF	Music is OFF
Sound Effects are ON	Sound Effects are ON
Sound Effects are OFF	Sound Effects are OFF
Thank You for playing `Jones In The Fast Lane'. Would you like to play another game?	Thank You for playing `Jones In The Fast Lane'. Would you like to play another game?
Week #%2d	Week #%2d
You are not properly dressed for work!	You are not properly dressed for work!
You have missed too much work! You're fired!	You have missed too much work! You're fired!
Your work habits better pick up soon or you're fired!	Your work habits better pick up soon or you're fired!
No time is left to work.	No time is left to work.
I'm sorry. I had to garnish $%d.	I'm sorry. I had to garnish $%d.
Your Landlord garnished $%d.	Your Landlord garnished $%d.
What should be done with the remaining player(s)?	What should be done with the remaining player(s)?
$%d an hour	$%d an hour
No time is left to relax.	No time is left to relax.
Welcome to the Rent Office. Don't snivel. Just pay your rent and leave.	Welcome to the Rent Office. Don't snivel. Just pay your rent and leave.
Welcome to the Rent Office. The rent is high, but where else can you get so little for so much.	Welcome to the Rent Office. The rent is high, but where else can you get so little for so much.
Welcome to the Rent Office. We don't charge any extra rent for the cockroaches.	Welcome to the Rent Office. We don't charge any extra rent for the cockroaches.
Welcome to the Rental Office. No waterbeds, pets or velvet toreador paintings, please.	Welcome to the Rental Office. No waterbeds, pets or velvet toreador paintings, please.
Welcome to the Rental Office. Where Sunday is Double Rent Increase Day!	Welcome to the Rental Office. Where Sunday is Double Rent Increase Day!
Welcome to the Rental Office. Our closets are so roomy, you'll never want to come out!	Welcome to the Rental Office. Our closets are so roomy, you'll never want to come out!
Welcome to the Rental Office. Our security apartments feature 24-hour eunuch guards!	Welcome to the Rental Office. Our security apartments feature 24-hour eunuch guards!
Welcome to the Rental Office. Come in and meet your slumlo...I mean, your landlord!	Welcome to the Rental Office. Come in and meet your slumlo...I mean, your landlord!
Just a few rules: no pets, no children, no smoking, no parties, and no jogging in the halls.	Just a few rules: no pets, no children, no smoking, no parties, and no jogging in the halls.
You'll love it! 24-hour security, spa, exercise room and free parking for BMWs.	You'll love it! 24-hour security, spa, exercise room and free parking for BMWs.
A wise choice. Our other building has just been condemned.	A wise choice. Our other building has just been condemned.
Oh, good! You'll fit right in...EVERYBODY there has an attitude.	Oh, good! You'll fit right in...EVERYBODY there has an attitude.
We've just put in a sun deck for your slow-roasting pleasure.	We've just put in a sun deck for your slow-roasting pleasure.
Ah. Well, I expect you'll find the neighborhood quite challenging.	Ah. Well, I expect you'll find the neighborhood quite challenging.
Oh. Well, hopefully you'll still be around at rent time.	Oh. Well, hopefully you'll still be around at rent time.
Of course, that comes furnished with a disgusting old chair. Enjoy!	Of course, that comes furnished with a disgusting old chair. Enjoy!
You'll be happy to know that we just put a fresh battery in the smoke detector.	You'll be happy to know that we just put a fresh battery in the smoke detector.
Just remember, the cockroaches are more frightened of you than you are of them.	Just remember, the cockroaches are more frightened of you than you are of them.
Thank you. See you soon.	Thank you. See you soon.
Come back again soon.	Come back again soon.
I'm here for all of your renting needs.	I'm here for all of your renting needs.
Please tell all your rich friends about m... I mean us.	Please tell all your rich friends about m... I mean us.
Thank You, but please don't call me at 4 in the morning again.	Thank You, but please don't call me at 4 in the morning again.
You do not have enough cash.	You do not have enough cash.
Sure, you can pay your rent next week.	Sure, you can pay your rent next week.
Sorry, your rent must be paid now.	Sorry, your rent must be paid now.
I already told you Yes!	I already told you Yes!
I'll say it again. NO!	I'll say it again. NO!
WhaddoI look like? A bank?. Get outa here!	WhaddoI look like? A bank?. Get outa here!
If I told you once, I've told you a thousand times. NO!!!!!	If I told you once, I've told you a thousand times. NO!!!!!
Click on that button one more time and I'll break your finger.	Click on that button one more time and I'll break your finger.
You don't need an extension.	You don't need an extension.
You already live at the low-cost housing.	You already live at the low-cost housing.
Your %d weeks of prepaid rent on your Security Apartment are non-refundable.\nAre you sure that you want to rent a Low Cost Apartment at this time?	Your %d weeks of prepaid rent on your Security Apartment are non-refundable.\nAre you sure that you want to rent a Low Cost Apartment at this time?
OK. It was your decision.	OK. It was your decision.
Smart move, buddy.	Smart move, buddy.
You already live at the security apartments.	You already live at the security apartments.
Your %d weeks of prepaid rent on your Low Cost Apartment are non-refundable.\nAre you sure that you want to rent a Security Apartment at this time?	Your %d weeks of prepaid rent on your Low Cost Apartment are non-refundable.\nAre you sure that you want to rent a Security Apartment at this time?
Please, pay your rent promptly from now on.	Please, pay your rent promptly from now on.
Welcome to Black's Market. Where quality and service are unherd of and you will stand in line forever.	Welcome to Black's Market. Where quality and service are unherd of and you will stand in line forever.
Welcome to Black's Market, where you can grow old in our checkout lines.	Welcome to Black's Market, where you can grow old in our checkout lines.
Welcome to Black's Market. Our meats are a cut above!	Welcome to Black's Market. Our meats are a cut above!
Welcome to Black's Market. You can't beat our eggs!	Welcome to Black's Market. You can't beat our eggs!
Welcome to Black's Market, where every day is Double Coupon Day!	Welcome to Black's Market, where every day is Double Coupon Day!
Welcome to Black's Market. Look for our special on day-old sushi!	Welcome to Black's Market. Look for our special on day-old sushi!
Welcome to Black's Market. Open all day and night for your binging pleasure!	Welcome to Black's Market. Open all day and night for your binging pleasure!
Welcome to Black's Market. Lowest prices in town on pickled octopus!	Welcome to Black's Market. Lowest prices in town on pickled octopus!
Welcome to Black's Market. Hey, check out those melons!	Welcome to Black's Market. Hey, check out those melons!
Welcome to Black's Market. Our butcher loves to stop and chew the fat!	Welcome to Black's Market. Our butcher loves to stop and chew the fat!
Welcome to Black's Market. Don't bypass our artichoke hearts!	Welcome to Black's Market. Don't bypass our artichoke hearts!
Welcome to Black's Market. This time, please don't take home the shopping cart.	Welcome to Black's Market. This time, please don't take home the shopping cart.
Welcome to Black's Market, the grosser grocer!	Welcome to Black's Market, the grosser grocer!
Welcome to Black's Market. Our Swiss Cheese is made from Hole Milk!	Welcome to Black's Market. Our Swiss Cheese is made from Hole Milk!
Mr. Schwader to 6 for check approval...Mr. Schwader to 6 for check approval...	Mr. Schwader to 6 for check approval...Mr. Schwader to 6 for check approval...
Would you like fries with that? Oops, sorry, I usedta work at Monolith Burger.	Would you like fries with that? Oops, sorry, I usedta work at Monolith Burger.
Just so you know, we saw you eating those grapes in the produce section.	Just so you know, we saw you eating those grapes in the produce section.
Cookies, ice cream and soda? Any REAL food in that shopping cart?	Cookies, ice cream and soda? Any REAL food in that shopping cart?
If you wanna write a check, I need 8 forms of ID and a blood sample.	If you wanna write a check, I need 8 forms of ID and a blood sample.
You had eleven items, not ten. Next time, use the right aisle.	You had eleven items, not ten. Next time, use the right aisle.
One of your eggs is broken. Better use it quickly.	One of your eggs is broken. Better use it quickly.
Price check, please...a 5-pound box of Quintuple-Stuff Sandwich Cookies!	Price check, please...a 5-pound box of Quintuple-Stuff Sandwich Cookies!
Have you tried the Deli Department's Cheezy Sweet 'n Saurkraut Salad?	Have you tried the Deli Department's Cheezy Sweet 'n Saurkraut Salad?
Thank You. See you next time	Thank You. See you next time
Will that be paper or plastic?	Will that be paper or plastic?
Have a Good day.	Have a Good day.
We appreciate your business.	We appreciate your business.
It's clear that you are a person who knows how to shop.	It's clear that you are a person who knows how to shop.
I'm happy to see that you're well today.	I'm happy to see that you're well today.
Thank you for shopping at Black's Market.	Thank you for shopping at Black's Market.
Next time, give peas a chance!	Next time, give peas a chance!
No tipping, please!	No tipping, please!
Can we help you out to your marble?	Can we help you out to your marble?
Come back for all your grocery needs!	Come back for all your grocery needs!
Say, two more trips and you'll have enough stamps!	Say, two more trips and you'll have enough stamps!
Hope you didn't buy any of those recalled mushrooms last week!	Hope you didn't buy any of those recalled mushrooms last week!
Next time, don't dent the cans and expect a discount.	Next time, don't dent the cans and expect a discount.
Your selection of food indicates you're compensating for a lack of affection.	Your selection of food indicates you're compensating for a lack of affection.
Please be more careful with the mayonnaise in Aisle 7 next time.	Please be more careful with the mayonnaise in Aisle 7 next time.
Arugla, Raddichio and Belgian Endive? What a yuppie!	Arugla, Raddichio and Belgian Endive? What a yuppie!
I'm sorry we were out of those little corns this week.	I'm sorry we were out of those little corns this week.
Would you like to be a checker? OK. YOU'RE A RED ONE.	Would you like to be a checker? OK. YOU'RE A RED ONE.
Look in our Italian Pet Food section for Dog Ciao!	Look in our Italian Pet Food section for Dog Ciao!
If you can find lower prices on groceries, you're playing a different game.	If you can find lower prices on groceries, you're playing a different game.
Check out our corn...you'll love to nibble our ears.	Check out our corn...you'll love to nibble our ears.
Our celery stalks at midnight.	Our celery stalks at midnight.
Meet our dairy department managers, Sam 'n Ella!	Meet our dairy department managers, Sam 'n Ella!
No time to read the newspaper.	No time to read the newspaper.
Welcome to the Pacific International Grand Gratuity Yield -P.I.G.G.Y.- Bank. We take very little interest in you.	Welcome to the Pacific International Grand Gratuity Yield -P.I.G.G.Y.- Bank. We take very little interest in you.
Welcome to the Pacific International Grand Gratuity Yield -P.I.G.G.Y.- Bank. You'll always find yourself a loan here!	Welcome to the Pacific International Grand Gratuity Yield -P.I.G.G.Y.- Bank. You'll always find yourself a loan here!
Welcome to the Pacific International Grand Gratuity Yield -P.I.G.G.Y.- Bank. No charge for deposits!	Welcome to the Pacific International Grand Gratuity Yield -P.I.G.G.Y.- Bank. No charge for deposits!
Welcome to the Pacific International Grand Gratuity Yield -P.I.G.G.Y.- Bank. Tuesdays are Double Dollar Days!	Welcome to the Pacific International Grand Gratuity Yield -P.I.G.G.Y.- Bank. Tuesdays are Double Dollar Days!
Welcome to the Pacific International Grand Gratuity Yield -P.I.G.G.Y.- Bank. Have you gotten your free Toast Point Tongs?	Welcome to the Pacific International Grand Gratuity Yield -P.I.G.G.Y.- Bank. Have you gotten your free Toast Point Tongs?
Welcome to the Pacific International Grand Gratuity Yield -P.I.G.G.Y.- Bank. Our fixed-rate CDs spin at 1500 RPM!	Welcome to the Pacific International Grand Gratuity Yield -P.I.G.G.Y.- Bank. Our fixed-rate CDs spin at 1500 RPM!
Welcome to the Pacific International Grand Gratuity Yield -P.I.G.G.Y.- Bank. This little P.I.G.G.Y. plays the market!	Welcome to the Pacific International Grand Gratuity Yield -P.I.G.G.Y.- Bank. This little P.I.G.G.Y. plays the market!
Welcome to the Pacific International Grand Gratuity Yield -P.I.G.G.Y.- Bank. Where we do Savings and Loans without a crisis!	Welcome to the Pacific International Grand Gratuity Yield -P.I.G.G.Y.- Bank. Where we do Savings and Loans without a crisis!
Welcome to the Pacific International Grand Gratuity Yield -P.I.G.G.Y.- Bank. Our loan officers are real Yes-men!	Welcome to the Pacific International Grand Gratuity Yield -P.I.G.G.Y.- Bank. Our loan officers are real Yes-men!
Welcome to the Pacific International Grand Gratuity Yield -P.I.G.G.Y.- Bank. Our San Andreas branch is in default!	Welcome to the Pacific International Grand Gratuity Yield -P.I.G.G.Y.- Bank. Our San Andreas branch is in default!
Thank you for depositing on us.	Thank you for depositing on us.
You do not have any cash to deposit.	You do not have any cash to deposit.
There is always a penalty for early withdrawal.	There is always a penalty for early withdrawal.
You do not have any savings.	You do not have any savings.
Thank You for your payment.	Thank You for your payment.
You don't have a loan.	You don't have a loan.
Sure, I can extend your loan for another $%d \nWould you like to do that?	Sure, I can extend your loan for another $%d \nWould you like to do that?
Sure, you can have a loan for $%d \nWould you like to do that?	Sure, you can have a loan for $%d \nWould you like to do that?
Here is your %d, payable the 1st of each month.	Here is your %d, payable the 1st of each month.
Well then, come back and see us any time.	Well then, come back and see us any time.
I'm terribly sorry, but you need more money or a better job in order to get an extension on your loan.	I'm terribly sorry, but you need more money or a better job in order to get an extension on your loan.
I'm terribly sorry, but you need more money or a better job in order to get a loan.	I'm terribly sorry, but you need more money or a better job in order to get a loan.
No time is left to apply for a loan.	No time is left to apply for a loan.
No time is left to see the broker.	No time is left to see the broker.
Welcome to the Factory. We will overwork you, under pay you, and expect you to take it with a smile.	Welcome to the Factory. We will overwork you, under pay you, and expect you to take it with a smile.
Welcome to the Factory. Where else can you have this much fun and get paid for it too.	Welcome to the Factory. Where else can you have this much fun and get paid for it too.
Welcome to the Factory. Where the work is hard, the pay is low, and the conditions are miserable.	Welcome to the Factory. Where the work is hard, the pay is low, and the conditions are miserable.
Welcome to the Factory. Thursday is Double Workman's Compensation Day!	Welcome to the Factory. Thursday is Double Workman's Compensation Day!
Welcome to the Factory. We pay Top Dollar for Blue Collar!	Welcome to the Factory. We pay Top Dollar for Blue Collar!
Welcome to the Factory. No sweat...no paycheck!	Welcome to the Factory. No sweat...no paycheck!
Welcome to the Factory. Where money is our most important product.	Welcome to the Factory. Where money is our most important product.
Welcome to the Factory. Please wear your safety helmet during scheduled inspections.	Welcome to the Factory. Please wear your safety helmet during scheduled inspections.
Why are you asking for less money?	Why are you asking for less money?
Why are you asking for the same wage?	Why are you asking for the same wage?
Congratulations. You have been given a raise.	Congratulations. You have been given a raise.
Sorry. We cannot grant your request at this time.	Sorry. We cannot grant your request at this time.
Congratulations.  You got the job.	Congratulations.  You got the job.
Sorry. We're closing. You'll have to come back next week.	Sorry. We're closing. You'll have to come back next week.
Welcome to ACNE Employment. Why work for the best when you can work like the rest.	Welcome to ACNE Employment. Why work for the best when you can work like the rest.
Welcome to ACNE Employment. We'll either find you a job, or we won't.	Welcome to ACNE Employment. We'll either find you a job, or we won't.
Welcome to ACNE Employment, where your skills and our expertise add up to disappointment!	Welcome to ACNE Employment, where your skills and our expertise add up to disappointment!
Welcome to ACNE Employment, where every lost job is a blemish on your resume!	Welcome to ACNE Employment, where every lost job is a blemish on your resume!
Welcome to ACNE Employment. We'll get you a job no matter what it costs you!	Welcome to ACNE Employment. We'll get you a job no matter what it costs you!
Welcome to ACNE Employment, where your resume zits in our files!	Welcome to ACNE Employment, where your resume zits in our files!
Welcome to ACNE Employment. No matter how bad your skills are, we have a job to match!	Welcome to ACNE Employment. No matter how bad your skills are, we have a job to match!
Sorry. You didn't get the job for the following reasons:\n\n	Sorry. You didn't get the job for the following reasons:\n\n
%s  $%d Hr.	%s  $%d Hr.
%s $%d Hr.	%s $%d Hr.
Welcome to Hi-Tech U. We will learn you for the future.	Welcome to Hi-Tech U. We will learn you for the future.
Welcome to Hi-Tech U. We'll learn you to talk English good!	Welcome to Hi-Tech U. We'll learn you to talk English good!
Welcome to Hi-Tech U. Our Geology classes will put rocks in your head!	Welcome to Hi-Tech U. Our Geology classes will put rocks in your head!
Welcome to Hi-Tech U, where you'll never be bored of education!	Welcome to Hi-Tech U, where you'll never be bored of education!
Welcome to Hi-Tech U. Enroll now for the third trimester!	Welcome to Hi-Tech U. Enroll now for the third trimester!
Welcome to Hi-Tech U. All our professors have tweed jackets with elbow patches!	Welcome to Hi-Tech U. All our professors have tweed jackets with elbow patches!
Welcome to Hi-Tech U. Our diplomas are genuine cheepskin!	Welcome to Hi-Tech U. Our diplomas are genuine cheepskin!
Welcome to Hi-Tech U. Our alumni haven't complained yet!	Welcome to Hi-Tech U. Our alumni haven't complained yet!
Welcome to Hi-Tech U. Next semester is Double Credits Semester!	Welcome to Hi-Tech U. Next semester is Double Credits Semester!
Welcome to Hi-Tech U. When it comes to education, we will NOT be undersold!	Welcome to Hi-Tech U. When it comes to education, we will NOT be undersold!
Welcome to Hi-Tech U. Already got your BA and MBA? We'll give you the third degree!	Welcome to Hi-Tech U. Already got your BA and MBA? We'll give you the third degree!
Welcome to Hi-Tech U. No matriculating in the dormitories, please!	Welcome to Hi-Tech U. No matriculating in the dormitories, please!
Welcome to Hi-Tech U. Enroll now for our fifth quarter!	Welcome to Hi-Tech U. Enroll now for our fifth quarter!
Welcome to Hi-Tech U. You come in with a skull full of mush and you leave thinking like a shyster.	Welcome to Hi-Tech U. You come in with a skull full of mush and you leave thinking like a shyster.
Welcome to Hi-Tech U. Draw Kenny and YOU could win an art scholarship!	Welcome to Hi-Tech U. Draw Kenny and YOU could win an art scholarship!
Welcome to Hi-Tech U. Check out our Job Displacement Service!	Welcome to Hi-Tech U. Check out our Job Displacement Service!
Welcome to Hi-Tech U. Need financial assistance? What do we look like, a bank?	Welcome to Hi-Tech U. Need financial assistance? What do we look like, a bank?
Welcome to Hi-Tech U, where one good term deserves another!	Welcome to Hi-Tech U, where one good term deserves another!
Welcome to Hi-Tech U. The CIA recruitment center's right here on campus!	Welcome to Hi-Tech U. The CIA recruitment center's right here on campus!
Welcome to Hi-Tech U. Meet Ed Fiz, our Phys Ed instructor!	Welcome to Hi-Tech U. Meet Ed Fiz, our Phys Ed instructor!
Welcome to Hi-Tech U. CPA degrees or 65% x 1.2146/5ths of your money back!	Welcome to Hi-Tech U. CPA degrees or 65% x 1.2146/5ths of your money back!
Welcome to Hi-Tech U. Where our campus ROTC stands for Really Obnoxious Teenage Civilians!	Welcome to Hi-Tech U. Where our campus ROTC stands for Really Obnoxious Teenage Civilians!
No time is left to go to class.	No time is left to go to class.
You need to enroll in a class first.	You need to enroll in a class first.
Perhaps next year we will have more classes to offer to you.	Perhaps next year we will have more classes to offer to you.
Your enrollment fee of $%d has been accepted.	Your enrollment fee of $%d has been accepted.
The enrollment fee is $%d. Would you like to enroll?	The enrollment fee is $%d. Would you like to enroll?
Thank You. You may select the class of your choice.	Thank You. You may select the class of your choice.
Perhaps at another time.	Perhaps at another time.
Welcome to Socket City. If you paid full price, you must've bought it here!	Welcome to Socket City. If you paid full price, you must've bought it here!
Welcome to Socket City. You're just in time for our Pre-Arbor Day Value Fest!	Welcome to Socket City. You're just in time for our Pre-Arbor Day Value Fest!
Welcome to Socket City. Apply for our Revolving Algorithmic Usury Credit Line!	Welcome to Socket City. Apply for our Revolving Algorithmic Usury Credit Line!
Welcome to Socket City. Our salespeople are here to help you...spend!	Welcome to Socket City. Our salespeople are here to help you...spend!
Welcome to Socket City. Special today on useless Yuppie electronic gadgets!	Welcome to Socket City. Special today on useless Yuppie electronic gadgets!
Welcome to Socket City. We only charge 10% over list price!	Welcome to Socket City. We only charge 10% over list price!
Welcome to Socket City. Go ahead and TRY to talk us down.	Welcome to Socket City. Go ahead and TRY to talk us down.
Welcome to Socket City. Next Friday is Double Commission Day!	Welcome to Socket City. Next Friday is Double Commission Day!
Welcome to Socket City. Come to our Moonlight Madness sale. 20% off if you wear your pajamas!	Welcome to Socket City. Come to our Moonlight Madness sale. 20% off if you wear your pajamas!
Welcome to Socket City. Values direct from the factory to the jobber to the wholesaler to us to YOU!	Welcome to Socket City. Values direct from the factory to the jobber to the wholesaler to us to YOU!
Welcome to Socket City, Home of High Pressure Sales!	Welcome to Socket City, Home of High Pressure Sales!
Welcome to Socket City, where Quality meets its match!	Welcome to Socket City, where Quality meets its match!
Welcome to Socket City, where you get less for more!	Welcome to Socket City, where you get less for more!
Welcome to Socket City, where our Service Department never sleeps, eats or bathes!	Welcome to Socket City, where our Service Department never sleeps, eats or bathes!
Welcome to Socket City, where the customer is always ripe!	Welcome to Socket City, where the customer is always ripe!
Welcome to Socket City. Where everything quits working the day after the warranty expires.	Welcome to Socket City. Where everything quits working the day after the warranty expires.
Thank You very much.	Thank You very much.
I'm sure that you will be very happy with your purchase.	I'm sure that you will be very happy with your purchase.
Thanks. You will have many years of trouble free service.	Thanks. You will have many years of trouble free service.
Thank you for visiting Socket City.	Thank you for visiting Socket City.
You sure know a deal when you see one.	You sure know a deal when you see one.
Come and see us again, anytime.	Come and see us again, anytime.
Thank You. Let me know how you enjoy it.	Thank You. Let me know how you enjoy it.
Perhaps I can interest you in something else.	Perhaps I can interest you in something else.
Have you seen our vacuum cleaners? They really suck!	Have you seen our vacuum cleaners? They really suck!
Would you like the $200 Extended Service Contract with that?	Would you like the $200 Extended Service Contract with that?
You'll want the $150 Factory Extension Warranty with that, right?	You'll want the $150 Factory Extension Warranty with that, right?
Can we interest you in the $300 1-Year Lifetime Replacement Guarantee?	Can we interest you in the $300 1-Year Lifetime Replacement Guarantee?
How about a $250 Extended Factory Service Warranty Replacement Guarantee Contract Agreement Deal with that?	How about a $250 Extended Factory Service Warranty Replacement Guarantee Contract Agreement Deal with that?
If you ever require service, you know where to go!	If you ever require service, you know where to go!
Of course, for another $75, you could have gotten the next model up.	Of course, for another $75, you could have gotten the next model up.
Our free installation is only $45 today!	Our free installation is only $45 today!
Sorry, we only had a floor sample left, but trust me, it's in perfect condition.	Sorry, we only had a floor sample left, but trust me, it's in perfect condition.
Remember, we offer free delivery anywhere within the game!	Remember, we offer free delivery anywhere within the game!
Do you smell something burning? Oh, it's that cash in your pocket!	Do you smell something burning? Oh, it's that cash in your pocket!
Now that didn't hurt a bit, did it?	Now that didn't hurt a bit, did it?
Notice how we ignore anybody who's browsing the under-$200 items?	Notice how we ignore anybody who's browsing the under-$200 items?
Since you're spending, how about replacing your car stereo with an $800 Kerplunkett?	Since you're spending, how about replacing your car stereo with an $800 Kerplunkett?
Should we call the paramedics to treat your wallet for shock?	Should we call the paramedics to treat your wallet for shock?
Care to go double-or-nothing for that 92 inch Projection TV?	Care to go double-or-nothing for that 92 inch Projection TV?
Now, if I can steer you towards some of our higher-margin products...	Now, if I can steer you towards some of our higher-margin products...
Didn't you have your eye on that complete Home Videotape Production Studio?	Didn't you have your eye on that complete Home Videotape Production Studio?
If you're not completely satisfied, we'll be glad to give you partial credit.	If you're not completely satisfied, we'll be glad to give you partial credit.
We're members of the Bait 'n Switch(TM) Retailer's Association!	We're members of the Bait 'n Switch(TM) Retailer's Association!
We finance 90 Days, Same as Bankruptcy!	We finance 90 Days, Same as Bankruptcy!
With every purchase over $5200, we're giving away free Chapter 11 Auto-Filers!	With every purchase over $5200, we're giving away free Chapter 11 Auto-Filers!
Please be aware that our Extended Service Contract excludes parts and labor.	Please be aware that our Extended Service Contract excludes parts and labor.
Welcome to QT Clothing. We will sell you anything, no matter how bad it looks.	Welcome to QT Clothing. We will sell you anything, no matter how bad it looks.
Welcome to QT Clothing. Meet our tailor, Howie Fitzhugh!	Welcome to QT Clothing. Meet our tailor, Howie Fitzhugh!
Welcome to QT Clothing. Our ties don't bind and our belts are a cinch.	Welcome to QT Clothing. Our ties don't bind and our belts are a cinch.
Welcome to QT Clothing. We have legal briefs and law suits.	Welcome to QT Clothing. We have legal briefs and law suits.
Welcome to QT Clothing, open 24 hours...we never clothes!	Welcome to QT Clothing, open 24 hours...we never clothes!
Welcome to QT Clothing. Thursday is Double Shoulder Pad Day!	Welcome to QT Clothing. Thursday is Double Shoulder Pad Day!
Welcome to QT Clothing. Wear our clothes and you'll be a QT, too!	Welcome to QT Clothing. Wear our clothes and you'll be a QT, too!
Welcome to QT Clothing. The only place in the world where you can buy just 1 pant!	Welcome to QT Clothing. The only place in the world where you can buy just 1 pant!
Welcome to QT Clothing. Try on our soothing new Medicated Tux!	Welcome to QT Clothing. Try on our soothing new Medicated Tux!
My! Don't WE look nice today!	My! Don't WE look nice today!
It's the real you.	It's the real you.
Spiffy.	Spiffy.
Faaabulous!!!	Faaabulous!!!
Our clothes are of the highest quality.	Our clothes are of the highest quality.
Have a wonderful day!	Have a wonderful day!
Lookin' good!	Lookin' good!
You can't go wong at QT.	You can't go wong at QT.
Perhaps you should stock up now while the prices are so reasonable.	Perhaps you should stock up now while the prices are so reasonable.
With your figure, perhaps you should consider going to a tent maker.	With your figure, perhaps you should consider going to a tent maker.
Oooh, you look good enough to eat!	Oooh, you look good enough to eat!
Don't you just love the new spring fashions? Tres magnifique!	Don't you just love the new spring fashions? Tres magnifique!
It's nice like that, just a tad tight around the bottom.	It's nice like that, just a tad tight around the bottom.
Good choice...rayon is back in this year!	Good choice...rayon is back in this year!
Now what are you going to do about your HAIR?	Now what are you going to do about your HAIR?
Don't forget to accessorize!	Don't forget to accessorize!
Nice! It really accentuates those pectorals.	Nice! It really accentuates those pectorals.
You know, a little tummy tuck would take care of that slight pucker in back.	You know, a little tummy tuck would take care of that slight pucker in back.
Stop slouching and it won't crease across the torso.	Stop slouching and it won't crease across the torso.
With a physique like yours, you could wear ANYthing!	With a physique like yours, you could wear ANYthing!
Let me mention just two little words. Lipo. Suction.	Let me mention just two little words. Lipo. Suction.
Welcome to Monolith Burger. Our Assistant Manager knows the Heimlich Manuever!	Welcome to Monolith Burger. Our Assistant Manager knows the Heimlich Manuever!
Welcome to Monolith Burger. Next week, come meet Monny the Burger Clown!	Welcome to Monolith Burger. Next week, come meet Monny the Burger Clown!
Welcome to Monolith Burger. You just missed Monny the Burger Clown!	Welcome to Monolith Burger. You just missed Monny the Burger Clown!
Welcome to Monolith Burger. Buy 'em by the bushel!	Welcome to Monolith Burger. Buy 'em by the bushel!
Welcome to Monolith Burger. Our food is untouched by human hands, only by teenagers.	Welcome to Monolith Burger. Our food is untouched by human hands, only by teenagers.
Welcome to Monolith Burger. Cleanest restrooms in the game!	Welcome to Monolith Burger. Cleanest restrooms in the game!
Welcome to Monolith Burger. Free bibs with every order of Lobster Nuggets!	Welcome to Monolith Burger. Free bibs with every order of Lobster Nuggets!
Welcome to Monolith Burger. Try a box of Chocolate-Like(R) Cookie Shards!	Welcome to Monolith Burger. Try a box of Chocolate-Like(R) Cookie Shards!
Welcome to Monolith Burger. Have you played our Guess the Chicken Part Game?	Welcome to Monolith Burger. Have you played our Guess the Chicken Part Game?
Welcome to Monolith Burger. Special orders will take an extra 45 minutes.	Welcome to Monolith Burger. Special orders will take an extra 45 minutes.
Welcome to Monolith Burger. Our soup today is Cream of Taco.	Welcome to Monolith Burger. Our soup today is Cream of Taco.
Welcome to Monolith Burgers. Home of the Toemain Express and the Stomach Pump special.	Welcome to Monolith Burgers. Home of the Toemain Express and the Stomach Pump special.
Welcome to Monolith Burgers, where we use only 100% Pure Extruded Beeflike Product!	Welcome to Monolith Burgers, where we use only 100% Pure Extruded Beeflike Product!
Welcome to Monolith Burgers, where even the wrappers have wrappers!	Welcome to Monolith Burgers, where even the wrappers have wrappers!
Welcome to Monolith Burgers, where our Food(TM) is patented!	Welcome to Monolith Burgers, where our Food(TM) is patented!
Welcome to Monolith Burgers. Our buns are the softest!	Welcome to Monolith Burgers. Our buns are the softest!
Welcome to Monolith Burgers, where our fat is always freshly rendered!	Welcome to Monolith Burgers, where our fat is always freshly rendered!
Welcome to Monolith Burgers, where quality eats are in the bag!	Welcome to Monolith Burgers, where quality eats are in the bag!
Welcome to Monolith Burgers, where our drinks have twice the ice!	Welcome to Monolith Burgers, where our drinks have twice the ice!
Welcome to Monolith Burgers, where our burgers come from contented cows!	Welcome to Monolith Burgers, where our burgers come from contented cows!
Will that be all?	Will that be all?
Would you like fries with that?	Would you like fries with that?
Something else with that?	Something else with that?
Take some home for your family too.	Take some home for your family too.
Have a nice day.	Have a nice day.
Sounds delicious.	Sounds delicious.
Will that be cash or charge? Tee hee.	Will that be cash or charge? Tee hee.
Well, aren't WE happy today.	Well, aren't WE happy today.
Would you like some Thousand Isla...I mean, Secret Sauce, with that?	Would you like some Thousand Isla...I mean, Secret Sauce, with that?
Does your Mother know you're eating here?	Does your Mother know you're eating here?
Incidentally, we also sell used hairnets.	Incidentally, we also sell used hairnets.
Our pure beef burgers have half the soybeans of the other leading brands!	Our pure beef burgers have half the soybeans of the other leading brands!
Would you like some deep-fried potatoes and deep-fried pie with your deep-fried sandwich?	Would you like some deep-fried potatoes and deep-fried pie with your deep-fried sandwich?
This week only: buy two burgers and get the shakes for free!	This week only: buy two burgers and get the shakes for free!
You can save 45 minutes by flushing that right now.	You can save 45 minutes by flushing that right now.
Mmmmm...that looks almost good enough to eat!	Mmmmm...that looks almost good enough to eat!
We now make our sandwiches from 100% biodegradable material!	We now make our sandwiches from 100% biodegradable material!
Is that 'to go,' to eat here, or neither?	Is that 'to go,' to eat here, or neither?
Please dispose of trash properly!	Please dispose of trash properly!
Would you like a Prepubescent Irradiated Kung Fu Tortise statuette with that?	Would you like a Prepubescent Irradiated Kung Fu Tortise statuette with that?
Our Manager would like you to sign a petition to abolish the Minimum Wage.	Our Manager would like you to sign a petition to abolish the Minimum Wage.
Did you know there's only 45 calories per french fry?	Did you know there's only 45 calories per french fry?
Next to disposable diapers, we're the most familiar sight on the highways!	Next to disposable diapers, we're the most familiar sight on the highways!
Have you tried our new Breakfast Chile Releno?	Have you tried our new Breakfast Chile Releno?
This is my first job, so forgive me if I totally mess up your order.	This is my first job, so forgive me if I totally mess up your order.
Try our new Licorice 'n Liver Shake!	Try our new Licorice 'n Liver Shake!
Did you want a handful of ketchup packets with that?	Did you want a handful of ketchup packets with that?
Remember, if it's a 6-lb. Beefburger, it must be a Monolith!	Remember, if it's a 6-lb. Beefburger, it must be a Monolith!
Our burgers aren't broiled OR fried...they're poached!	Our burgers aren't broiled OR fried...they're poached!
You can find us in any town...just follow the trail of empty wrappers!	You can find us in any town...just follow the trail of empty wrappers!
Remember...NO food is better than OUR food!	Remember...NO food is better than OUR food!
Would you like to take home some complimentary advertising on a placemat?	Would you like to take home some complimentary advertising on a placemat?
Our shakes are so thick, you can't even swallow 'em!	Our shakes are so thick, you can't even swallow 'em!
Help yourself to a piece of our new 90-foot Compressed Salad Bar!	Help yourself to a piece of our new 90-foot Compressed Salad Bar!
Free refills if you can finish one cup of our coffee!	Free refills if you can finish one cup of our coffee!
Welcome to Z-Mart. Home of low cost, low quality, and cheap help.	Welcome to Z-Mart. Home of low cost, low quality, and cheap help.
Welcome to Z-Mart, where low prices don't always mean low quality!	Welcome to Z-Mart, where low prices don't always mean low quality!
Welcome to Z-Mart. Our overhead is so low, the clerks are stoop- shouldered!	Welcome to Z-Mart. Our overhead is so low, the clerks are stoop- shouldered!
Welcome to Z-Mart. Our overhead is so low, we hire only midgets!	Welcome to Z-Mart. Our overhead is so low, we hire only midgets!
Welcome to Z-Mart. If we see a line with more than 50 people waiting, we'll open another!	Welcome to Z-Mart. If we see a line with more than 50 people waiting, we'll open another!
Welcome to Z-Mart, where our everyday values are other stores' remainders!	Welcome to Z-Mart, where our everyday values are other stores' remainders!
Welcome to Z-Mart, where shoddy merchandise comes home to roost!	Welcome to Z-Mart, where shoddy merchandise comes home to roost!
Welcome to Z-Mart, where yesterday's trash is today's bargain!	Welcome to Z-Mart, where yesterday's trash is today's bargain!
Welcome to Z-Mart. If you can't find it here, it must be worth having!	Welcome to Z-Mart. If you can't find it here, it must be worth having!
Welcome to Z-Mart, where Quality is something we often talk about!	Welcome to Z-Mart, where Quality is something we often talk about!
Welcome to Z-Mart, where we've closed over 600 stores from coast- to-coast!	Welcome to Z-Mart, where we've closed over 600 stores from coast- to-coast!
Thank you for shopping at Z-Mart.	Thank you for shopping at Z-Mart.
Have a very good day!	Have a very good day!
Have you checked out our red light specials?	Have you checked out our red light specials?
Please visit us again soon.	Please visit us again soon.
Can I have a price check on register two please!	Can I have a price check on register two please!
Come back again. We have new specials each week.	Come back again. We have new specials each week.
If you want cheap, we got it.	If you want cheap, we got it.
Save some for our next...customer.	Save some for our next...customer.
Well, you get what you pay for!	Well, you get what you pay for!
Check out our new shipment of Taiwanese microwave cozies!	Check out our new shipment of Taiwanese microwave cozies!
Don't forget to look in Aisle 14 for slightly irregular automotive parts!	Don't forget to look in Aisle 14 for slightly irregular automotive parts!
Be sure to look for our service department...and if you find it, let us know!	Be sure to look for our service department...and if you find it, let us know!
Have you noticed our 83-piece steak knife set for only $4.95?	Have you noticed our 83-piece steak knife set for only $4.95?
We're having a special on dented or scratched floppy disks...only $3.50 a box!	We're having a special on dented or scratched floppy disks...only $3.50 a box!
Take a look in Aisle 22 for half-price batteries. Sorry, demo models only!	Take a look in Aisle 22 for half-price batteries. Sorry, demo models only!
If you don't see what you're looking for, look underneath something else!	If you don't see what you're looking for, look underneath something else!
Welcome to the Pawn Shop. Nothing is too hot for us to handle.	Welcome to the Pawn Shop. Nothing is too hot for us to handle.
Welcome to the Pawn Shop. Down on your luck? Save the story for someone who hasn't heard it.	Welcome to the Pawn Shop. Down on your luck? Save the story for someone who hasn't heard it.
Welcome to the Pawn Shop. I may look mean on the outside, but I've got a heart of stone.	Welcome to the Pawn Shop. I may look mean on the outside, but I've got a heart of stone.
Welcome to the Pawn Shop. Why crawl to anybody else?	Welcome to the Pawn Shop. Why crawl to anybody else?
Welcome to the Pawn Shop, where we pardon your beg!	Welcome to the Pawn Shop, where we pardon your beg!
Welcome to the Pawn Shop. Your first stop on the way down the corporate ladder!	Welcome to the Pawn Shop. Your first stop on the way down the corporate ladder!
Welcome to the Pawn Shop. Where 'pawn' is just another word for nothing left to lose!	Welcome to the Pawn Shop. Where 'pawn' is just another word for nothing left to lose!
Welcome to the Pawn Shop. Please don't beg, it scuffs the carpet.	Welcome to the Pawn Shop. Please don't beg, it scuffs the carpet.
If ya ever need cash, I'm here.	If ya ever need cash, I'm here.
Y'all com'back now, y'hear.	Y'all com'back now, y'hear.
You know a good deal when you see one.	You know a good deal when you see one.
Come and see us again please.	Come and see us again please.
What else can I do for ya today?	What else can I do for ya today?
Can I interest you in something else?	Can I interest you in something else?
You don't have anything to sell.	You don't have anything to sell.
No Redeemable Items.	No Redeemable Items.
No Pawned Items For Sale.	No Pawned Items For Sale.
Sorry, I really do not have room to buy anything else.	Sorry, I really do not have room to buy anything else.
Sorry, I don't need another one of those.	Sorry, I don't need another one of those.
I'll give you $%d for your %s, take it or leave it.	I'll give you $%d for your %s, take it or leave it.
Market	Market
Value	Value
Your	Your
Holdings	Holdings
You don't have enough cash!	You don't have enough cash!
A $3 Broker's fee is deducted for the sale of each T-Bill.	A $3 Broker's fee is deducted for the sale of each T-Bill.
You do not own any shares.	You do not own any shares.
DUMMY	DUMMY
BANKS FALTER!\nSAVINGS LOST!  JOBS LOST!	BANKS FALTER!\nSAVINGS LOST!  JOBS LOST!
SCANDAL ON WALL ST.  ECONOMY\nDROPS! UNEMPLOYMENT RISES	SCANDAL ON WALL ST.  ECONOMY\nDROPS! UNEMPLOYMENT RISES
MORE S & L'S FAIL!\nECONOMY SUFFERS	MORE S & L'S FAIL!\nECONOMY SUFFERS
INFLATION IS UP\nPRICES COULD SOAR!	INFLATION IS UP\nPRICES COULD SOAR!
GOLD OUTLOOK IS GOOD	GOLD OUTLOOK IS GOOD
GOLD INVESTMENTS\nLOOK TARNISHED	GOLD INVESTMENTS\nLOOK TARNISHED
GOOD TIMES AHEAD FOR SILVER	GOOD TIMES AHEAD FOR SILVER
EXPERTS AGREE\nGET OUT OF SILVER	EXPERTS AGREE\nGET OUT OF SILVER
PRESIDENT EATS PORK RINDS	PRESIDENT EATS PORK RINDS
GENERAL POPULATION HATES\nPORK RINDS	GENERAL POPULATION HATES\nPORK RINDS
BLUE CHIP STOCKS\nOUTLOOK ROSEY	BLUE CHIP STOCKS\nOUTLOOK ROSEY
HARD TIMES AHEAD\nFOR BIG BLUE	HARD TIMES AHEAD\nFOR BIG BLUE
PENNY STOCKS ARE WISE\nINVESTMENT	PENNY STOCKS ARE WISE\nINVESTMENT
PENNY STOCKS NOT\nWORTH A DIME	PENNY STOCKS NOT\nWORTH A DIME
WILD WILLY RIPS OFF\nANOTHER APARTMENT	WILD WILLY RIPS OFF\nANOTHER APARTMENT
WILD WILLY HAS LIFTED\nANOTHER WALLET	WILD WILLY HAS LIFTED\nANOTHER WALLET
BIG LOTTERY WINNER!	BIG LOTTERY WINNER!
INVESTMENTS RECOMMENDED	INVESTMENTS RECOMMENDED
INVESTMENTS NOT RECOMMENDED	INVESTMENTS NOT RECOMMENDED
ECONOMIC OUTLOOK GOOD	ECONOMIC OUTLOOK GOOD
ECONOMIC OUTLOOK POOR	ECONOMIC OUTLOOK POOR
UNEMPLOYMENT IS ON\nTHE RISE	UNEMPLOYMENT IS ON\nTHE RISE
UNEMPLOYMENT IS DOWN	UNEMPLOYMENT IS DOWN
NOBODY YOU KNOW\nWON THE LOTTO!	NOBODY YOU KNOW\nWON THE LOTTO!
PRESIDENT HATES BROCCOLI	PRESIDENT HATES BROCCOLI
MORE FAST FOOD PLACES\nUSING SOY BEANS	MORE FAST FOOD PLACES\nUSING SOY BEANS
SCHOOL ENROLLMENT UP	SCHOOL ENROLLMENT UP
SCHOOL ENROLLMENT DOWN	SCHOOL ENROLLMENT DOWN
THERE IS MONEY IN\nCOMPUTERS	THERE IS MONEY IN\nCOMPUTERS
HOUSING MARKET LOOKS GOOD	HOUSING MARKET LOOKS GOOD
SALES OF NEWSPAPERS\nHAVE SKYROCKETED	SALES OF NEWSPAPERS\nHAVE SKYROCKETED
PAWN SHOPS SERVE\nUSEFUL PURPOSE	PAWN SHOPS SERVE\nUSEFUL PURPOSE
NORTH SHORE OF BASS\nLAKE SINKS	NORTH SHORE OF BASS\nLAKE SINKS
ALICE COOPER GIVES BIRTH\nTO TWIN BOYS	ALICE COOPER GIVES BIRTH\nTO TWIN BOYS
COARSEGOLD PURCHASED BY\nJAPAN	COARSEGOLD PURCHASED BY\nJAPAN
SPACE QUEST III WINS\nBIG AWARD	SPACE QUEST III WINS\nBIG AWARD
ELVIS SIGHTED AT KFC\nIN OAKHURST	ELVIS SIGHTED AT KFC\nIN OAKHURST
TALKING BEAR KIDNAPPED!\nFBI INVESTIGATING	TALKING BEAR KIDNAPPED!\nFBI INVESTIGATING
KINGS QUEST XXIX GOES\nTO PRODUCTION	KINGS QUEST XXIX GOES\nTO PRODUCTION
MR. WHIPPLE FOUND SQUEEZED\nTO DEATH IN APARTMENT	MR. WHIPPLE FOUND SQUEEZED\nTO DEATH IN APARTMENT
REAGAN'S NAP INTERRUPTS\nSPEECH	REAGAN'S NAP INTERRUPTS\nSPEECH
MOTHER GOOSE GETS DIVORCE!\nFEATHERS RUFFLED	MOTHER GOOSE GETS DIVORCE!\nFEATHERS RUFFLED
MOTHER GOOSE SUSPECTED OF\nFOWL PLAY	MOTHER GOOSE SUSPECTED OF\nFOWL PLAY
SALMON BITING OFF NORTH\nSHORE OF BASS LAKE	SALMON BITING OFF NORTH\nSHORE OF BASS LAKE
NIXON MAKES ROCK VIDEO	NIXON MAKES ROCK VIDEO
FORD STUMBLES ON CURE	FORD STUMBLES ON CURE
NEW GOVT STUDY SHOWS GAME\nPLAYERS GET SICK TOO!	NEW GOVT STUDY SHOWS GAME\nPLAYERS GET SICK TOO!
AMELDA M. LOOKING FOR\nA FEW GOOD SHOES	AMELDA M. LOOKING FOR\nA FEW GOOD SHOES
NANCY IS LOOKING FOR A\nNEW DRESS	NANCY IS LOOKING FOR A\nNEW DRESS
TYpEsETTrs U ion\ngoe oN STR KE!	TYpEsETTrs U ion\ngoe oN STR KE!
FIREMEN ARE ALWAYS\nIN HEAT	FIREMEN ARE ALWAYS\nIN HEAT
PRESIDENT FINALLY EATS\nBROCCOLI	PRESIDENT FINALLY EATS\nBROCCOLI
PRESIDENT EATS BROCCOLI\nAND LIVES!	PRESIDENT EATS BROCCOLI\nAND LIVES!
STUDY SHOWS WE HAVE\nMORE LEISURE TIME	STUDY SHOWS WE HAVE\nMORE LEISURE TIME
SOL.\nWE NEED A HEADLINE HERE!	SOL.\nWE NEED A HEADLINE HERE!
TORNADO KILLS 8 THEN\nCOMMITS SUICIDE!	TORNADO KILLS 8 THEN\nCOMMITS SUICIDE!
CIGARETTES FOUND TO CAUSE\nLABORATORY ANIMALS!	CIGARETTES FOUND TO CAUSE\nLABORATORY ANIMALS!
COURTS JAMMED!\nWAPNER REINSTATED!	COURTS JAMMED!\nWAPNER REINSTATED!
GRAND CANYON DESIGNATED\nNATIONAL LANDFILL!	GRAND CANYON DESIGNATED\nNATIONAL LANDFILL!
CELEBRITY BULLFIGHTING\nDISASTER; LESLEY GORED	CELEBRITY BULLFIGHTING\nDISASTER; LESLEY GORED
GURUKA SINGH GETS HAIRCUT!\nPHOTOS UNDER WRAPS!	GURUKA SINGH GETS HAIRCUT!\nPHOTOS UNDER WRAPS!
RAP GROUP ARRESTED FOR\nNOT STARTING RIOT!	RAP GROUP ARRESTED FOR\nNOT STARTING RIOT!
TRAILER PARK DEMOLISHES\n6 TORNADOES!	TRAILER PARK DEMOLISHES\n6 TORNADOES!
Works at %-16s	Works at %-16s
As a %-20s	As a %-20s
Hourly wage: $%-11d	Hourly wage: $%-11d
Unemployed	Unemployed
Cash: $%-18s	Cash: $%-18s
Savings: $%-15s	Savings: $%-15s
Rent Owed: $%-13d	Rent Owed: $%-13d
Loan Balance: $%-10d	Loan Balance: $%-10d
Total Goods: $%-11d	Total Goods: $%-11d
Investment Total: $%-6s	Investment Total: $%-6s
Net Worth: $%-13s	Net Worth: $%-13s
-----GOODS-----	-----GOODS-----
Casual Clothes  	Casual Clothes  
Dress Clothes   	Dress Clothes   
Business Suit   	Business Suit   
%3d Weeks of Food        	%3d Weeks of Food        
---EDUCATION---	---EDUCATION---
--INVESTMENTS--	--INVESTMENTS--
Filler	Filler
You spent the whole weekend watching some of the food in your refrigerator grow mold and spores. It sure was fun.	You spent the whole weekend watching some of the food in your refrigerator grow mold and spores. It sure was fun.
You spent the whole weekend watching the water in your refrigerator freeze.	You spent the whole weekend watching the water in your refrigerator freeze.
You spent the weekend baking oatmeal cookies.	You spent the weekend baking oatmeal cookies.
You spent the entire weekend watching Star Trek reruns.	You spent the entire weekend watching Star Trek reruns.
You rented some movies and ate artificially flavored buttered popcorn.	You rented some movies and ate artificially flavored buttered popcorn.
You spent the weekend playing your stereo and patching the plaster your speakers cracked.	You spent the weekend playing your stereo and patching the plaster your speakers cracked.
You spent the weekend cleaning your microwave after you tried to dry your pet rat in it. You also need a new pet rat.	You spent the weekend cleaning your microwave after you tried to dry your pet rat in it. You also need a new pet rat.
You and some friends had a Hottub party this weekend.	You and some friends had a Hottub party this weekend.
You played games on your computer all weekend.	You played games on your computer all weekend.
You watched CELEBRITY INCOME TAX EVASION on TV this weekend.	You watched CELEBRITY INCOME TAX EVASION on TV this weekend.
You read all about the mating habits of the North American computer programmer in your encyclopedia.	You read all about the mating habits of the North American computer programmer in your encyclopedia.
You read your dictionary all weekend. Boy, that was fun.	You read your dictionary all weekend. Boy, that was fun.
You read your atlas and commited the population of 43 countries to memory. OH WOW!!!	You read your atlas and commited the population of 43 countries to memory. OH WOW!!!
You went to the baseball game this weekend and ate hotdogs till you puked.	You went to the baseball game this weekend and ate hotdogs till you puked.
You went to the theatre this weekend and saw the one MAN version of Cats.	You went to the theatre this weekend and saw the one MAN version of Cats.
You had front row seats at a rock concert. The doctor said that the hearing loss shouldn't be permanent.	You had front row seats at a rock concert. The doctor said that the hearing loss shouldn't be permanent.
You watched them change the mannequins at QT Clothing this weekend.	You watched them change the mannequins at QT Clothing this weekend.
You washed and waxed your marble this weekend right before it rained.	You washed and waxed your marble this weekend right before it rained.
You stayed home and did absolutely nothing this weekend.	You stayed home and did absolutely nothing this weekend.
You spent the weekend hiking around Yosemite.	You spent the weekend hiking around Yosemite.
You listened to the Talking Bear 256 times this weekend.	You listened to the Talking Bear 256 times this weekend.
You read the 'Wall Street Journal' this weekend.	You read the 'Wall Street Journal' this weekend.
You thought about what you would do on your next turn.	You thought about what you would do on your next turn.
You spent the weekend in a hotel because they had to fumigate your apartment.	You spent the weekend in a hotel because they had to fumigate your apartment.
You played in a ping pong tournament this weekend.	You played in a ping pong tournament this weekend.
You pitched horseshoes in your apartment all weekend. The people downstairs love you.	You pitched horseshoes in your apartment all weekend. The people downstairs love you.
You sat around and played solitaire all weekend.	You sat around and played solitaire all weekend.
You went panning for gold this weekend, but all you got was wet.	You went panning for gold this weekend, but all you got was wet.
You spent the weekend in the laundromat washing your clothes. Now that was exciting.	You spent the weekend in the laundromat washing your clothes. Now that was exciting.
You took a friend out to a cheap restaurant this weekend.	You took a friend out to a cheap restaurant this weekend.
You went out and caught your own froglegs this weekend.	You went out and caught your own froglegs this weekend.
You crawled around on your knees chasing snails this weekend.	You crawled around on your knees chasing snails this weekend.
You spent your weekend thinking about work. Eccch.	You spent your weekend thinking about work. Eccch.
You spent your weekend trying to remove the mildew between the shower tiles.	You spent your weekend trying to remove the mildew between the shower tiles.
You spent the weekend listening to the newlyweds in the next apartment set up a new waterbed.	You spent the weekend listening to the newlyweds in the next apartment set up a new waterbed.
This weekend, you won first prize in a beauty contest and collected $10. Whoops, wrong game.	This weekend, you won first prize in a beauty contest and collected $10. Whoops, wrong game.
This weekend, you closed your curtains, locked your doors, turned off the lights, and ate presweetened morning breakfast cereal, with little marshmallows!	This weekend, you closed your curtains, locked your doors, turned off the lights, and ate presweetened morning breakfast cereal, with little marshmallows!
You played stickball this weekend with the neighborhood kids and ended up wrenching your back and spraining your ankle.	You played stickball this weekend with the neighborhood kids and ended up wrenching your back and spraining your ankle.
You read a romance novel, NURSE'S TURN TO CRY, in one sitting.	You read a romance novel, NURSE'S TURN TO CRY, in one sitting.
You took a long hot bath this weekend and emerged looking like a California Raisin.	You took a long hot bath this weekend and emerged looking like a California Raisin.
You watched a torrid romance movie, LIBRARIAN'S DILEMMA, this weekend.	You watched a torrid romance movie, LIBRARIAN'S DILEMMA, this weekend.
One of your fillings came loose this weekend. It's a good thing you're handy with a soldering iron.	One of your fillings came loose this weekend. It's a good thing you're handy with a soldering iron.
You spent the weekend examining yourself under the fluorescent lights in the bathroom. Eccch!	You spent the weekend examining yourself under the fluorescent lights in the bathroom. Eccch!
You spent the weekend wondering if black holes were lit with black lights.	You spent the weekend wondering if black holes were lit with black lights.
This weekend, you hung out at the mall, filled up on junk food, and made your mother ashamed of you.	This weekend, you hung out at the mall, filled up on junk food, and made your mother ashamed of you.
You went bowling with friends this weekend.	You went bowling with friends this weekend.
You played two rounds of golf this weekend.	You played two rounds of golf this weekend.
This weekend, you had to bail your nephew out of jail.	This weekend, you had to bail your nephew out of jail.
You had your marble repainted this weekend.	You had your marble repainted this weekend.
You played in a volleyball tournament this weekend.	You played in a volleyball tournament this weekend.
You took a friend out to an expensive restaurant this weekend.	You took a friend out to an expensive restaurant this weekend.
You went to San Diego to play in the Over The Line Tournament.	You went to San Diego to play in the Over The Line Tournament.
You went to Las Vegas in a $20,000 car and came back in a $200,000 Greyhound bus.	You went to Las Vegas in a $20,000 car and came back in a $200,000 Greyhound bus.
You tried to drive to Hawaii to watch a surfing contest.	You tried to drive to Hawaii to watch a surfing contest.
You went scuba diving in La Jolla.	You went scuba diving in La Jolla.
You went deep sea fishing this weekend.	You went deep sea fishing this weekend.
You volunteered to take the local scouts to Disneyland.	You volunteered to take the local scouts to Disneyland.
You drove the senior citizens' bus this weekend and they drove you - crazy.	You drove the senior citizens' bus this weekend and they drove you - crazy.
You helped several little old ladies cross the street to get to their aerobics class.	You helped several little old ladies cross the street to get to their aerobics class.
You visited a sick friend in the hospital. REALLY!	You visited a sick friend in the hospital. REALLY!
You spent $%d.	You spent $%d.
  WINNER	  WINNER
2ND PLACE	2ND PLACE
3RD PLACE	3RD PLACE
4TH PLACE	4TH PLACE
How Many Players?	How Many Players?
Food	Food
Astro Chicken	Astro Chicken
Hamburgers	Hamburgers
Cheeseburgers	Cheeseburgers
Shakes	Shakes
Fries	Fries
Colas	Colas
Newspaper	Newspaper
Lottery Tickets	Lottery Tickets
Trade School	Trade School
Electronics	Electronics
Pre Engineering	Pre Engineering
Engineering	Engineering
Junior College	Junior College
Business Admin.	Business Admin.
Academic	Academic
Graduate School	Graduate School
Post Doctoral	Post Doctoral
Research	Research
Publishing	Publishing
Refrigerator	Refrigerator
Freezer	Freezer
Stove	Stove
Color TV	Color TV
Vcr	Vcr
Stereo	Stereo
Microwave	Microwave
Hot Tub	Hot Tub
Computer	Computer
Black & White TV	Black & White TV
Encyclopedia	Encyclopedia
Dictionary	Dictionary
Atlas	Atlas
Business Suit	Business Suit
Leisure Suit	Leisure Suit
Casual Clothes	Casual Clothes
Baseball Tickets	Baseball Tickets
Theatre Tickets	Theatre Tickets
Concert Tickets	Concert Tickets
Rent Low Cost	Rent Low Cost
Rent Security	Rent Security
Clerk	Clerk
Janitor	Janitor
Cook	Cook
Assist. Manager	Assist. Manager
Manager	Manager
Salesperson	Salesperson
Teacher	Teacher
Professor	Professor
Assembly Worker	Assembly Worker
Secretary	Secretary
Machinist Helper	Machinist Helper
Exec. Secretary	Exec. Secretary
Machinist	Machinist
Engineer	Engineer
Department Mgr.	Department Mgr.
General Mgr.	General Mgr.
Teller	Teller
Broker	Broker
Checker	Checker
Butcher	Butcher
Groundskeeper	Groundskeeper
Apartment Mgr	Apartment Mgr
Repairman	Repairman
T-BillS	T-BillS
Gold	Gold
Silver	Silver
Pork Bellies	Pork Bellies
Blue Chip Stocks	Blue Chip Stocks
Penny Stocks	Penny Stocks
Low Cost Apartment	Low Cost Apartment
Rent Office	Rent Office
Security Apartment	Security Apartment
Black's Market	Black's Market
Bank	Bank
Factory	Factory
Employment Office	Employment Office
University	University
Socket City	Socket City
QT Clothing	QT Clothing
Monolith	Monolith
Z-Mart	Z-Mart
Pawn Shoppe	Pawn Shoppe
The software you are now using was produced\nthrough the efforts of many people:\ndesigners, artists, programmers, musicians,\nand many other hard-working professionals.\n\nIf you make copies of this software for any\nreason other than to make a personal backup,\nyou are not only breaking the law, but raising\nthe cost of software for all legitimate users.\n\nPLEASE\nDO NOT MAKE ILLEGAL COPIES OF THIS GAME !	The software you are now using was produced\nthrough the efforts of many people:\ndesigners, artists, programmers, musicians,\nand many other hard-working professionals.\n\nIf you make copies of this software for any\nreason other than to make a personal backup,\nyou are not only breaking the law, but raising\nthe cost of software for all legitimate users.\n\nPLEASE\nDO NOT MAKE ILLEGAL COPIES OF THIS GAME !
The disk is full. You must use another disk. Save Aborted.	The disk is full. You must use another disk. Save Aborted.
The game has been saved.	The game has been saved.
The saved game was saved under a different interpreter. It cannot be restored.	The saved game was saved under a different interpreter. It cannot be restored.
Can't Restore. No previously saved game was found.	Can't Restore. No previously saved game was found.
New save-game directory:	New save-game directory:
%s\nis not a valid directory	%s\nis not a valid directory
Please insert your %s disk in drive %s.	Please insert your %s disk in drive %s.
File: %s	File: %s
JONES IN THE FAST LANE\nAdditional Programmers:\nSol Ackerman,\nDavid Slayback\n\nAdditional Artists:\nMike Milo,\nDave Willardson,\nCalvin Patton,\n\nVersion %s	JONES IN THE FAST LANE\nAdditional Programmers:\nSol Ackerman,\nDavid Slayback\n\nAdditional Artists:\nMike Milo,\nDave Willardson,\nCalvin Patton,\n\nVersion %s
JONES IN THE FAST LANE\nDevelopment System:\nJeff Stephenson, Robert Heitman,\nPablo Ghenis, John Hartin,\nDan Foy, Larry Scott,\nMark Hood, John Rettig\nCorey Cole, Eric Hart.\n\nSound Effects: Ken Allen\n\nDialogue: Josh Mandel\nSol Ackerman, Warren Schwader	JONES IN THE FAST LANE\nDevelopment System:\nJeff Stephenson, Robert Heitman,\nPablo Ghenis, John Hartin,\nDan Foy, Larry Scott,\nMark Hood, John Rettig\nCorey Cole, Eric Hart.\n\nSound Effects: Ken Allen\n\nDialogue: Josh Mandel\nSol Ackerman, Warren Schwader
      JONES IN THE FAST LANE\nF1 - Help - This screen\nF2 - Music on/off \nF3 - Sound Effects on/off \nF4 - Current Player's Statistics \nF5 - Saves the current game\nF6 - View Goals Screens\nF7 - Restores the saved game\nF8 - Non-essential messages on/off\nF9 - Restarts the game\nF10- About Jones	      JONES IN THE FAST LANE\nF1 - Help - This screen\nF2 - Music on/off \nF3 - Sound Effects on/off \nF4 - Current Player's Statistics \nF5 - Saves the current game\nF6 - View Goals Screens\nF7 - Restores the saved game\nF8 - Non-essential messages on/off\nF9 - Restarts the game\nF10- About Jones
     JONES IN THE FAST LANE\nCtrl-Q - Quit\nCtrl-R - Change Reading Speed\nCtrl-S - Change Speed\nCtrl-T - Set Graphics Detail Level\nCtrl-V - Change Volume\nCtrl-Y - Set Save Directory\nCtrl-Z - Delete a Player\nEsc   - Menu Bar/Pauses Game\nLeft Mouse - Select\nMiddle Mouse/CTRL-Left - Goals\nRight Mouse/SHIFT-Left - Statistics	     JONES IN THE FAST LANE\nCtrl-Q - Quit\nCtrl-R - Change Reading Speed\nCtrl-S - Change Speed\nCtrl-T - Set Graphics Detail Level\nCtrl-V - Change Volume\nCtrl-Y - Set Save Directory\nCtrl-Z - Delete a Player\nEsc   - Menu Bar/Pauses Game\nLeft Mouse - Select\nMiddle Mouse/CTRL-Left - Goals\nRight Mouse/SHIFT-Left - Statistics
Restarting?	Restarting?
Quitting?	Quitting?
Saving a game will overwrite a previously saved game.\nContinue?	Saving a game will overwrite a previously saved game.\nContinue?
Restore a saved game?	Restore a saved game?
Non-essential\nmessages ON.	Non-essential\nmessages ON.
Non-essential\nmessages OFF.	Non-essential\nmessages OFF.
Delete this player?	Delete this player?
Another Statistics Screen is not allowed.	Another Statistics Screen is not allowed.
Another Goals Screen is not allowed.	Another Goals Screen is not allowed.
%s\n[Collection of size %d]	%s\n[Collection of size %d]
%s\n[List of size %d]	%s\n[List of size %d]
%s\n[Set of size %d]	%s\n[Set of size %d]
Turn Music Off	Turn Music Off
Turn Music On	Turn Music On
Turn Sound Effects Off	Turn Sound Effects Off
Turn Sound Effects On	Turn Sound Effects On
Place	Place
Player	Player
Restart	Restart
Quit	Quit
Player 1	Player 1
Player 2	Player 2
Player 3	Player 3
Player 4	Player 4
Talker	Talker
Goods	Goods
Consumable	Consumable
Durable	Durable
Educational	Educational
Consumables	Consumables
Durables	Durables
Education	Education
Continue	Continue
Pay rent for 1 month.  	Pay rent for 1 month.  
Ask For More Time.       	Ask For More Time.       
Rent Low-Cost Apartment  	Rent Low-Cost Apartment  
Rent Security Apartment  	Rent Security Apartment  
Pay Garnishment Balance  	Pay Garnishment Balance  
Food For 1 Week....	Food For 1 Week....
Food For 2 Weeks..|	Food For 2 Weeks..|
Food For 4 Weeks..	Food For 4 Weeks..
10 Lottery Tickets|...|	10 Lottery Tickets|...|
Newspaper................|	Newspaper................|
Deposit  	Deposit  
Withdraw  	Withdraw  
Loan Payment	Loan Payment
Apply For Loan	Apply For Loan
See The Broker	See The Broker
Z-Mart Discount	Z-Mart Discount
Monolith Burgers	Monolith Burgers
Socket City Appliance	Socket City Appliance
Hi-Tech University	Hi-Tech University
Enrollment Fee 	Enrollment Fee 
Refrigerator|.......	Refrigerator|.......
Freezer|..............|	Freezer|..............|
Stove.................|	Stove.................|
Color TV.............	Color TV.............
Stereo................|	Stereo................|
Microwave..........|	Microwave..........|
Hot Tub..............	Hot Tub..............
Computer............	Computer............
Business Suit  |	Business Suit  |
Dress Clothes  |	Dress Clothes  |
Hamburgers.........	Hamburgers.........
Cheeseburger.......|	Cheeseburger.......|
Astro Chicken.......|	Astro Chicken.......|
Fries....................	Fries....................
Shakes.................|	Shakes.................|
Colas...................|	Colas...................|
Refrigerator.....	Refrigerator.....
Stove|..............||	Stove|..............||
Stereo|.............||	Stereo|.............||
Color TV..........||	Color TV..........||
Black & White TV||	Black & White TV||
Microwave|.........|	Microwave|.........|
Casual Clothes...	Casual Clothes...
Dress Clothes.....	Dress Clothes.....
Baseball Tickets..	Baseball Tickets..
Theatre Tickets...	Theatre Tickets...
Concert Tickets|..|	Concert Tickets|..|
Encyclopedia.....	Encyclopedia.....
Dictionary..........	Dictionary..........
Atlas.................|	Atlas.................|
Dog Food...........|	Dog Food...........|
8-Track Player...	8-Track Player...
Works of Capote|	Works of Capote|
Pawnable Items	Pawnable Items
Take It	Take It
Leave It	Leave It
Buyable Items	Buyable Items
Redeemable Items	Redeemable Items
Discount Store Jobs Available:	Discount Store Jobs Available:
Clerk              |||	Clerk              |||
Assistant Manager  	Assistant Manager  
Manager           |	Manager           |
Monolith's Jobs Available:	Monolith's Jobs Available:
Cook               ||	Cook               ||
Clerk               |	Clerk               |
Assistant Manager  |||	Assistant Manager  |||
Manager           ||||	Manager           ||||
QT Clothing Jobs Available:	QT Clothing Jobs Available:
Salesperson        ||	Salesperson        ||
Socket City Jobs Available:	Socket City Jobs Available:
Salesperson         ||	Salesperson         ||
Electronic's Repair   	Electronic's Repair   
Manager            |	Manager            |
University Jobs Available:	University Jobs Available:
Janitor            |	Janitor            |
Factory Jobs Available:	Factory Jobs Available:
Janitor            |||	Janitor            |||
Assembly Worker    ||||	Assembly Worker    ||||
Secretary          ||	Secretary          ||
Machinist's Helper   |	Machinist's Helper   |
Executive Secretary ||	Executive Secretary ||
Department Manager 	Department Manager 
General Manager    ||	General Manager    ||
Bank Jobs Available:	Bank Jobs Available:
Teller              ||	Teller              ||
Investment Broker  |||	Investment Broker  |||
Black's Market Jobs Available:	Black's Market Jobs Available:
Checker            |	Checker            |
Butcher           ||||	Butcher           ||||
Rent Office Jobs Available:	Rent Office Jobs Available:
Groundskeeper      ||||	Groundskeeper      ||||
Apartment Manager  	Apartment Manager  
Happiness is accumulated by acquiring goods, achieving goals, taking time off from work, and helping little old ladies cross the street so that they don't get hit by any speeding marbles.	Happiness is accumulated by acquiring goods, achieving goals, taking time off from work, and helping little old ladies cross the street so that they don't get hit by any speeding marbles.
Education is accumulated by attending the university and graduating from the classes offered. A computer and some reference books can be very beneficial to your studies.	Education is accumulated by attending the university and graduating from the classes offered. A computer and some reference books can be very beneficial to your studies.
Career is achieved by working hard, climbing the corporate ladder, improving your skills, dependability, and advancing your education. Remember, hire a kid, they have all the answers.	Career is achieved by working hard, climbing the corporate ladder, improving your skills, dependability, and advancing your education. Remember, hire a kid, they have all the answers.
Goal Points = 	Goal Points = 
Dialog	Dialog
Controls	Controls
Normal	Normal
Cancel	Cancel
Gauge	Gauge
Sound	Sound
Change Directory	Change Directory
Cycle	Cycle
Motion	Motion
gamefile.sh	gamefile.sh
controls	controls
Enter input	Enter input
Turn Messages On	Turn Messages On
 Options 	 Options 
 Status 	 Status 
Change reading speed.	Change reading speed.
Reading Speed	Reading Speed
More Time	More Time
Less Time	Less Time
Change animation speed.	Change animation speed.
Game Speed	Game Speed
Faster	Faster
Slower	Slower
Change sound volume.	Change sound volume.
Sound Volume	Sound Volume
Louder	Louder
Softer	Softer
Change graphics detail level.	Change graphics detail level.
Graphic Detail	Graphic Detail
More Detail	More Detail
Less Detail	Less Detail
Feature	Feature
Collect	Collect
Script	Script
Event	Event
