Music is ON	音樂 開啟
Music is OFF	音樂 關閉
Sound Effects are ON	音效 開啟
Sound Effects are OFF	音效 關閉
Thank You for playing `Jones In The Fast Lane'. Would you like to play another game?	感謝您遊玩《人生劇場》。您想再玩一場嗎？
Week #%2d	第 %2d 週
You are not properly dressed for work!	你穿著不適合工作！
You have missed too much work! You're fired!	你缺席太多工作！你被開除了！
Your work habits better pick up soon or you're fired!	你的工作習慣最好立即改進，否則你會被開除！
No time is left to work.	沒有時間工作了。
I'm sorry. I had to garnish $%d.	抱歉，我必須扣款 $%d。
Your Landlord garnished $%d.	你的房東扣款 $%d。
What should be done with the remaining player(s)?	剩下的玩家應該怎麼辦？
$%d an hour	時薪 $%d
No time is left to relax.	沒有時間放鬆了。
Welcome to the Rent Office. Don't snivel. Just pay your rent and leave.	歡迎來到租屋中心。別哭窮。只管交房租滾蛋。
Welcome to the Rent Office. The rent is high, but where else can you get so little for so much.	歡迎來到租屋中心。房租很高，但你還能在哪兒花那麼多錢得到這麼點東西？
Welcome to the Rent Office. We don't charge any extra rent for the cockroaches.	歡迎來到租屋中心。蟑螂房租我們不額外收費。
Welcome to the Rental Office. No waterbeds, pets or velvet toreador paintings, please.	歡迎來到租屋中心。請不要有水床、寵物或絲絨鬥牛士畫。
Welcome to the Rental Office. Where Sunday is Double Rent Increase Day!	歡迎來到租屋中心。這裡週日是雙倍租金漲價日！
Welcome to the Rental Office. Our closets are so roomy, you'll never want to come out!	歡迎來到租屋中心。我們的衣櫃寬敞到你永遠不想出來！
Welcome to the Rental Office. Our security apartments feature 24-hour eunuch guards!	歡迎來到租屋中心。我們的安全公寓配備 24 小時太監守衛！
Welcome to the Rental Office. Come in and meet your slumlo...I mean, your landlord!	歡迎來到租屋中心。進來認識你的貧民窟房東……我是說，你的房東！
Just a few rules: no pets, no children, no smoking, no parties, and no jogging in the halls.	只有幾項規則：不養寵物、不帶小孩、不抽菸、不開派對、不在走廊跑步。
You'll love it! 24-hour security, spa, exercise room and free parking for BMWs.	你會愛上的！24 小時保全、水療、健身房，還有寶馬免費停車位。
A wise choice. Our other building has just been condemned.	明智的選擇。我們另一棟建築剛被列為危樓。
Oh, good! You'll fit right in...EVERYBODY there has an attitude.	哦，太好了！你會融入其中……那裡每個人都很有態度。
We've just put in a sun deck for your slow-roasting pleasure.	我們剛裝了一個日光甲板讓你慢火烤。
Ah. Well, I expect you'll find the neighborhood quite challenging.	啊。嗯，我想你會覺得這個社區頗有挑戰。
Oh. Well, hopefully you'll still be around at rent time.	哦。嗯，希望你在交房租時還在。
Of course, that comes furnished with a disgusting old chair. Enjoy!	當然，那裡配備一張噁心的舊椅子。享受！
You'll be happy to know that we just put a fresh battery in the smoke detector.	你應該高興，我們剛剛在煙霧探測器裡放了新電池。
Just remember, the cockroaches are more frightened of you than you are of them.	記住，蟑螂比你更害怕你。
Thank you. See you soon.	謝謝。待會見。
Come back again soon.	很快再來。
I'm here for all of your renting needs.	我在這裡滿足你所有的租住需求。
Please tell all your rich friends about m... I mean us.	請把我……我是說我們介紹給你所有有錢朋友。
Thank You, but please don't call me at 4 in the morning again.	謝謝，但請別再凌晨 4 點打給我。
You do not have enough cash.	你沒有足夠的現金。
Sure, you can pay your rent next week.	好吧，你可以下週付房租。
Sorry, your rent must be paid now.	抱歉，你的房租現在必須付。
I already told you Yes!	我已經告訴你是了！
I'll say it again. NO!	我再說一遍。不！
WhaddoI look like? A bank?. Get outa here!	我看起來像什麼？銀行嗎？滾出去！
If I told you once, I've told you a thousand times. NO!!!!!	我要是說過一次，那就說過千次。不！！！！！
Click on that button one more time and I'll break your finger.	再點一次那個按鈕，我就掰斷你的手指。
You don't need an extension.	你不需要延期。
You already live at the low-cost housing.	你已經住在低成本住宅。
Your %d weeks of prepaid rent on your Security Apartment are non-refundable.\nAre you sure that you want to rent a Low Cost Apartment at this time?	你在安全公寓的 %d 週預付房租不可退款。\n你確定現在要租低成本公寓嗎？
OK. It was your decision.	好吧。那是你的決定。
Smart move, buddy.	聰明的選擇，老兄。
You already live at the security apartments.	你已經住在安全公寓。
Your %d weeks of prepaid rent on your Low Cost Apartment are non-refundable.\nAre you sure that you want to rent a Security Apartment at this time?	你在低成本公寓的 %d 週預付房租不可退款。\n你確定現在要租安全公寓嗎？
Please, pay your rent promptly from now on.	請從現在起及時付房租。
Welcome to Black's Market. Where quality and service are unherd of and you will stand in line forever.	歡迎來到布萊克超市。品質和服務聞所未聞，你會永遠排隊。
Welcome to Black's Market, where you can grow old in our checkout lines.	歡迎來到布萊克超市，你可以在我們的結帳隊伍中老去。
Welcome to Black's Market. Our meats are a cut above!	歡迎來到布萊克超市。我們的肉品出眾！
Welcome to Black's Market. You can't beat our eggs!	歡迎來到布萊克超市。我們的雞蛋無敵！
Welcome to Black's Market, where every day is Double Coupon Day!	歡迎來到布萊克超市，這裡每天都是雙倍折扣日！
Welcome to Black's Market. Look for our special on day-old sushi!	歡迎來到布萊克超市。看看我們的前一天壽司特價！
Welcome to Black's Market. Open all day and night for your binging pleasure!	歡迎來到布萊克超市。全天 24 小時營業供你盡情購物！
Welcome to Black's Market. Lowest prices in town on pickled octopus!	歡迎來到布萊克超市。城裡醃章魚最便宜！
Welcome to Black's Market. Hey, check out those melons!	歡迎來到布萊克超市。嘿，看看那些瓜！
Welcome to Black's Market. Our butcher loves to stop and chew the fat!	歡迎來到布萊克超市。我們的屠夫喜歡停下來東扯西談！
Welcome to Black's Market. Don't bypass our artichoke hearts!	歡迎來到布萊克超市。別略過我們的洋薊心！
Welcome to Black's Market. This time, please don't take home the shopping cart.	歡迎來到布萊克超市。這次請不要把購物車帶回家。
Welcome to Black's Market, the grosser grocer!	歡迎來到布萊克超市，更粗魯的雜貨店！
Welcome to Black's Market. Our Swiss Cheese is made from Hole Milk!	歡迎來到布萊克超市。我們的瑞士起司用起司孔牛奶做的！
Mr. Schwader to 6 for check approval...Mr. Schwader to 6 for check approval...	施瓦德先生到 6 號辦理支票核准……施瓦德先生到 6 號辦理支票核准……
Would you like fries with that? Oops, sorry, I usedta work at Monolith Burger.	要加薯條嗎？哎呀，抱歉，我之前在大石頭漢堡店工作。
Just so you know, we saw you eating those grapes in the produce section.	告訴你，我們看到你在農產品區吃葡萄。
Cookies, ice cream and soda? Any REAL food in that shopping cart?	餅乾、冰淇淋、汽水？你的購物車裡有真正的食物嗎？
If you wanna write a check, I need 8 forms of ID and a blood sample.	你要開支票的話，我需要 8 種身份證和一份血樣。
You had eleven items, not ten. Next time, use the right aisle.	你有 11 件商品，不是 10 件。下次用對的通道。
One of your eggs is broken. Better use it quickly.	你的一個雞蛋破了。最好快點用。
Price check, please...a 5-pound box of Quintuple-Stuff Sandwich Cookies!	請查價……五磅的五倍夾心三明治餅乾！
Have you tried the Deli Department's Cheezy Sweet 'n Saurkraut Salad?	你試過熟食區的起司甜酸菜沙拉嗎？
Thank You. See you next time	謝謝。下次見
Will that be paper or plastic?	要紙袋還是塑膠袋？
Have a Good day.	祝你有美好的一天。
We appreciate your business.	感謝你的光臨。
It's clear that you are a person who knows how to shop.	很清楚你是個懂得購物的人。
I'm happy to see that you're well today.	我很高興看到你今天氣色不錯。
Thank you for shopping at Black's Market.	感謝你在布萊克超市購物。
Next time, give peas a chance!	下次，給豌豆一個機會！
No tipping, please!	請不要小費！
Can we help you out to your marble?	我們能幫你搬東西去你的豪車嗎？
Come back for all your grocery needs!	回來滿足你所有的雜貨需求！
Say, two more trips and you'll have enough stamps!	嘿，再來兩次你就會有足夠的集點卡了！
Hope you didn't buy any of those recalled mushrooms last week!	希望你上週沒買那些召回的蘑菇！
Next time, don't dent the cans and expect a discount.	下次，別凹罐子還指望折扣。
Your selection of food indicates you're compensating for a lack of affection.	你的食物選擇表明你在補償缺乏感情。
Please be more careful with the mayonnaise in Aisle 7 next time.	請下次小心對待 7 號走道的美乃滋。
Arugla, Raddichio and Belgian Endive? What a yuppie!	芝麻菜、紅菊苣、比利時菊苣？真是雅皮！
I'm sorry we were out of those little corns this week.	抱歉我們本週那些小玉米售完了。
Would you like to be a checker? OK. YOU'RE A RED ONE.	你想當結帳員嗎？好。你就是紅色的。
Look in our Italian Pet Food section for Dog Ciao!	在我們的義大利寵物食品區找「狗聲」！
If you can find lower prices on groceries, you're playing a different game.	如果能找到更便宜的雜貨，你根本在玩不同的遊戲。
Check out our corn...you'll love to nibble our ears.	來看看我們的玉米……你會愛上咬著我們的玉米筒。
Our celery stalks at midnight.	我們的芹菜在午夜散步。
Meet our dairy department managers, Sam 'n Ella!	認識我們乳製品部的經理——山姆和艾拉！
No time to read the newspaper.	沒時間讀報紙。
Welcome to the Pacific International Grand Gratuity Yield -P.I.G.G.Y.- Bank. We take very little interest in you.	歡迎來到太平洋國際大方厚利銀行（P.I.G.G.Y. 銀行）。我們對你沒什麼利息。
Welcome to the Pacific International Grand Gratuity Yield -P.I.G.G.Y.- Bank. You'll always find yourself a loan here!	歡迎來到太平洋國際大方厚利銀行（P.I.G.G.Y. 銀行）。你總能在這裡找到貸款！
Welcome to the Pacific International Grand Gratuity Yield -P.I.G.G.Y.- Bank. No charge for deposits!	歡迎來到太平洋國際大方厚利銀行（P.I.G.G.Y. 銀行）。存款不收費！
Welcome to the Pacific International Grand Gratuity Yield -P.I.G.G.Y.- Bank. Tuesdays are Double Dollar Days!	歡迎來到太平洋國際大方厚利銀行（P.I.G.G.Y. 銀行）。星期二是雙倍金錢日！
Welcome to the Pacific International Grand Gratuity Yield -P.I.G.G.Y.- Bank. Have you gotten your free Toast Point Tongs?	歡迎來到太平洋國際大方厚利銀行（P.I.G.G.Y. 銀行）。你拿到免費的吐司夾了嗎？
Welcome to the Pacific International Grand Gratuity Yield -P.I.G.G.Y.- Bank. Our fixed-rate CDs spin at 1500 RPM!	歡迎來到太平洋國際大方厚利銀行（P.I.G.G.Y. 銀行）。我們的定利率光碟轉速達 1500 轉！
Welcome to the Pacific International Grand Gratuity Yield -P.I.G.G.Y.- Bank. This little P.I.G.G.Y. plays the market!	歡迎來到太平洋國際大方厚利銀行（P.I.G.G.Y. 銀行）。這隻小豬在市場上買賣！
Welcome to the Pacific International Grand Gratuity Yield -P.I.G.G.Y.- Bank. Where we do Savings and Loans without a crisis!	歡迎來到太平洋國際大方厚利銀行（P.I.G.G.Y. 銀行）。我們從不危機就進行儲蓄和貸款！
Welcome to the Pacific International Grand Gratuity Yield -P.I.G.G.Y.- Bank. Our loan officers are real Yes-men!	歡迎來到太平洋國際大方厚利銀行（P.I.G.G.Y. 銀行）。我們的貸款人員全是說好人！
Welcome to the Pacific International Grand Gratuity Yield -P.I.G.G.Y.- Bank. Our San Andreas branch is in default!	歡迎來到太平洋國際大方厚利銀行（P.I.G.G.Y. 銀行）。我們的聖安地列斯分行已違約！
Thank you for depositing on us.	感謝你的存款。
You do not have any cash to deposit.	你沒有現金存款。
There is always a penalty for early withdrawal.	提前提款總是有罰款的。
You do not have any savings.	你沒有存款。
Thank You for your payment.	感謝你的付款。
You don't have a loan.	你沒有貸款。
Sure, I can extend your loan for another $%d \nWould you like to do that?	當然，我可以再延長你 $%d 的貸款\n你要這樣做嗎？
Sure, you can have a loan for $%d \nWould you like to do that?	當然，你可以獲得 $%d 的貸款\n你要這樣做嗎？
Here is your %d, payable the 1st of each month.	這是你的 %d，每月 1 號應付。
Well then, come back and see us any time.	那麼，隨時回來看我們。
I'm terribly sorry, but you need more money or a better job in order to get an extension on your loan.	非常遺憾，你需要更多金錢或更好的工作才能延長貸款。
I'm terribly sorry, but you need more money or a better job in order to get a loan.	非常遺憾，你需要更多金錢或更好的工作才能獲得貸款。
No time is left to apply for a loan.	沒有時間申請貸款了。
No time is left to see the broker.	沒有時間見證券營業員了。
Welcome to the Factory. We will overwork you, under pay you, and expect you to take it with a smile.	歡迎來到工廠。我們會超負荷工作你、低薪支付你，並期望你笑著接受。
Welcome to the Factory. Where else can you have this much fun and get paid for it too.	歡迎來到工廠。還有哪裡能讓你有這麼多樂趣並還能拿薪水？
Welcome to the Factory. Where the work is hard, the pay is low, and the conditions are miserable.	歡迎來到工廠。工作辛苦、薪水低廉、條件糟糕的地方。
Welcome to the Factory. Thursday is Double Workman's Compensation Day!	歡迎來到工廠。星期四是雙倍工人補償日！
Welcome to the Factory. We pay Top Dollar for Blue Collar!	歡迎來到工廠。我們為藍領工作支付最高薪資！
Welcome to the Factory. No sweat...no paycheck!	歡迎來到工廠。不流汗……沒薪水！
Welcome to the Factory. Where money is our most important product.	歡迎來到工廠。金錢是我們最重要的產品。
Welcome to the Factory. Please wear your safety helmet during scheduled inspections.	歡迎來到工廠。定期檢查期間請穿戴安全頭盔。
Why are you asking for less money?	你為什麼要求更少的錢？
Why are you asking for the same wage?	你為什麼要求相同的薪資？
Congratulations. You have been given a raise.	恭喜。你已獲得加薪。
Sorry. We cannot grant your request at this time.	抱歉。我們目前無法同意你的要求。
Congratulations.  You got the job.	恭喜。你得到了工作。
Sorry. We're closing. You'll have to come back next week.	抱歉。我們關門了。你得下週回來。
Welcome to ACNE Employment. Why work for the best when you can work like the rest.	歡迎來到 ACNE 職業介紹所。為什麼要為最好的工作奮鬥，當你可以像其他人一樣平庸工作？
Welcome to ACNE Employment. We'll either find you a job, or we won't.	歡迎來到 ACNE 職業介紹所。我們要麼幫你找到工作，要麼不會。
Welcome to ACNE Employment, where your skills and our expertise add up to disappointment!	歡迎來到 ACNE 職業介紹所，你的技能和我們的專業加起來等於失望！
Welcome to ACNE Employment, where every lost job is a blemish on your resume!	歡迎來到 ACNE 職業介紹所，每一份失業都是你履歷上的污點！
Welcome to ACNE Employment. We'll get you a job no matter what it costs you!	歡迎來到 ACNE 職業介紹所。無論付出什麼代價，我們都會幫你找到工作！
Welcome to ACNE Employment, where your resume zits in our files!	歡迎來到 ACNE 職業介紹所，你的履歷痘痘在我們的檔案裡！
Welcome to ACNE Employment. No matter how bad your skills are, we have a job to match!	歡迎來到 ACNE 職業介紹所。無論你的技能有多糟，我們都有相應的工作！
Sorry. You didn't get the job for the following reasons:\n\n	抱歉。你沒有得到工作的原因如下：\n\n
%s  $%d Hr.	%s  $%d 元／小時。
%s $%d Hr.	%s $%d 元／小時。
Welcome to Hi-Tech U. We will learn you for the future.	歡迎來到高等技術大學。我們將為你的未來授課。
Welcome to Hi-Tech U. We'll learn you to talk English good!	歡迎來到高等技術大學。我們會教你好好講英文！
Welcome to Hi-Tech U. Our Geology classes will put rocks in your head!	歡迎來到高等技術大學。我們的地質課將把岩石放進你的腦袋！
Welcome to Hi-Tech U, where you'll never be bored of education!	歡迎來到高等技術大學，你永遠不會厭倦教育！
Welcome to Hi-Tech U. Enroll now for the third trimester!	歡迎來到高等技術大學。立即報名第三學期！
Welcome to Hi-Tech U. All our professors have tweed jackets with elbow patches!	歡迎來到高等技術大學。我們所有教授都穿著有肘部補丁的粗花呢外套！
Welcome to Hi-Tech U. Our diplomas are genuine cheepskin!	歡迎來到高等技術大學。我們的文憑是真正的羊皮紙！
Welcome to Hi-Tech U. Our alumni haven't complained yet!	歡迎來到高等技術大學。我們的校友還沒有抱怨！
Welcome to Hi-Tech U. Next semester is Double Credits Semester!	歡迎來到高等技術大學。下學期是雙學分學期！
Welcome to Hi-Tech U. When it comes to education, we will NOT be undersold!	歡迎來到高等技術大學。說到教育，我們不會被低估！
Welcome to Hi-Tech U. Already got your BA and MBA? We'll give you the third degree!	歡迎來到高等技術大學。已經有學士和碩士學位了？我們給你第三學位！
Welcome to Hi-Tech U. No matriculating in the dormitories, please!	歡迎來到高等技術大學。請不要在宿舍裡入學！
Welcome to Hi-Tech U. Enroll now for our fifth quarter!	歡迎來到高等技術大學。立即報名我們的第五季度！
Welcome to Hi-Tech U. You come in with a skull full of mush and you leave thinking like a shyster.	歡迎來到高等技術大學。你進來時腦子一團漿糊，離開時就會像一個騙子一樣思考。
Welcome to Hi-Tech U. Draw Kenny and YOU could win an art scholarship!	歡迎來到高等技術大學。畫肯尼，你就可能贏得藝術獎學金！
Welcome to Hi-Tech U. Check out our Job Displacement Service!	歡迎來到高等技術大學。看看我們的工作轉換服務！
Welcome to Hi-Tech U. Need financial assistance? What do we look like, a bank?	歡迎來到高等技術大學。需要財務協助？我們看起來像銀行嗎？
Welcome to Hi-Tech U, where one good term deserves another!	歡迎來到高等技術大學，一個好學期值得另一個好學期！
Welcome to Hi-Tech U. The CIA recruitment center's right here on campus!	歡迎來到高等技術大學。中情局招募中心就在校園裡！
Welcome to Hi-Tech U. Meet Ed Fiz, our Phys Ed instructor!	歡迎來到高等技術大學。認識艾德．菲茲，我們的體育教師！
Welcome to Hi-Tech U. CPA degrees or 65% x 1.2146/5ths of your money back!	歡迎來到高等技術大學。會計師學位或退回你 65% x 1.2146/5ths 的金錢！
Welcome to Hi-Tech U. Where our campus ROTC stands for Really Obnoxious Teenage Civilians!	歡迎來到高等技術大學。我們校園的後備軍官訓練代表真正討厭的少年平民！
No time is left to go to class.	沒有時間去上課了。
You need to enroll in a class first.	你需要先報名上課。
Perhaps next year we will have more classes to offer to you.	也許明年我們會有更多課程提供給你。
Your enrollment fee of $%d has been accepted.	你的 $%d 報名費已被接受。
The enrollment fee is $%d. Would you like to enroll?	報名費是 $%d。你想報名嗎？
Thank You. You may select the class of your choice.	感謝你。你可以選擇你想要的課程。
Perhaps at another time.	也許改日。
Welcome to Socket City. If you paid full price, you must've bought it here!	歡迎來到多插座城市。如果你付了全價，肯定是在這裡買的！
Welcome to Socket City. You're just in time for our Pre-Arbor Day Value Fest!	歡迎來到多插座城市。你正好趕上我們的仲夏節前夕超值節慶！
Welcome to Socket City. Apply for our Revolving Algorithmic Usury Credit Line!	歡迎來到多插座城市。申請我們的循環演算法高利信用額度！
Welcome to Socket City. Our salespeople are here to help you...spend!	歡迎來到多插座城市。我們的銷售人員在這裡幫你……花錢！
Welcome to Socket City. Special today on useless Yuppie electronic gadgets!	歡迎來到多插座城市。今天特賣無用的雅痞電子小物件！
Welcome to Socket City. We only charge 10% over list price!	歡迎來到多插座城市。我們只收取標價 10% 以上的費用！
Welcome to Socket City. Go ahead and TRY to talk us down.	歡迎來到多插座城市。盡管試著跟我們砍價。
Welcome to Socket City. Next Friday is Double Commission Day!	歡迎來到多插座城市。下週五是雙倍佣金日！
Welcome to Socket City. Come to our Moonlight Madness sale. 20% off if you wear your pajamas!	歡迎來到多插座城市。來參加我們的月光瘋狂大促銷。穿睡衣打 8 折！
Welcome to Socket City. Values direct from the factory to the jobber to the wholesaler to us to YOU!	歡迎來到多插座城市。商品直接從工廠、經銷商、批發商到我們再到你！
Welcome to Socket City, Home of High Pressure Sales!	歡迎來到多插座城市，高壓銷售之家！
Welcome to Socket City, where Quality meets its match!	歡迎來到多插座城市，品質遇到了對手！
Welcome to Socket City, where you get less for more!	歡迎來到多插座城市，花更多錢買更少東西！
Welcome to Socket City, where our Service Department never sleeps, eats or bathes!	歡迎來到多插座城市，我們的服務部門不睡覺、不吃飯、不洗澡！
Welcome to Socket City, where the customer is always ripe!	歡迎來到多插座城市，顧客總是成熟的！
Welcome to Socket City. Where everything quits working the day after the warranty expires.	歡迎來到多插座城市電器行。保固期過後一天所有東西就壞掉的地方。
Thank You very much.	非常感謝你。
I'm sure that you will be very happy with your purchase.	我相信你會對購買的東西非常滿意。
Thanks. You will have many years of trouble free service.	謝謝。你將享受多年無故障的服務。
Thank you for visiting Socket City.	感謝你蒞臨多插座城市電器行。
You sure know a deal when you see one.	你真的很懂得識貨。
Come and see us again, anytime.	隨時再來看我們。
Thank You. Let me know how you enjoy it.	感謝。告訴我你有多享受它。
Perhaps I can interest you in something else.	也許我可以推薦你別的東西？
Have you seen our vacuum cleaners? They really suck!	你有看過我們的吸塵器嗎？吸力真的超強！
Would you like the $200 Extended Service Contract with that?	要不要加上 $200 的延長保固契約？
You'll want the $150 Factory Extension Warranty with that, right?	你想要 $150 的原廠延長保修吧？
Can we interest you in the $300 1-Year Lifetime Replacement Guarantee?	要不要加上 $300 的一年終身替換保證？
How about a $250 Extended Factory Service Warranty Replacement Guarantee Contract Agreement Deal with that?	要不要再加 $250 的延長原廠服務保修替換保證契約協議？
If you ever require service, you know where to go!	如果你需要服務，你知道該找誰！
Of course, for another $75, you could have gotten the next model up.	當然，只要再付 $75，你就能買到更新的型號。
Our free installation is only $45 today!	我們今天的免費安裝只要 $45！
Sorry, we only had a floor sample left, but trust me, it's in perfect condition.	抱歉，我們只剩展示品，但相信我，它狀況完美。
Remember, we offer free delivery anywhere within the game!	記住，我們提供遊戲內任何地方的免費配送！
Do you smell something burning? Oh, it's that cash in your pocket!	你聞到什麼燒焦的味道嗎？喔，那是你口袋裡的現金在燒！
Now that didn't hurt a bit, did it?	這一點都不傷身，對吧？
Notice how we ignore anybody who's browsing the under-$200 items?	注意我們怎樣對待瀏覽 $200 以下商品的人？
Since you're spending, how about replacing your car stereo with an $800 Kerplunkett?	既然你在花錢，要不要用 $800 的 Kerplunkett 汽車音響？
Should we call the paramedics to treat your wallet for shock?	我們需要叫救護車搶救你的錢包嗎？
Care to go double-or-nothing for that 92 inch Projection TV?	要不要賭雙倍或全輸來買那台 92 吋投影電視？
Now, if I can steer you towards some of our higher-margin products...	現在，如果我能引導你買一些我們利潤較高的產品…
Didn't you have your eye on that complete Home Videotape Production Studio?	你不是一直看著那套完整的家庭錄影製作室嗎？
If you're not completely satisfied, we'll be glad to give you partial credit.	如果你不完全滿意，我們很樂意給你部分折抵。
We're members of the Bait 'n Switch(TM) Retailer's Association!	我們是「誘餌欺詐」零售商協會的成員！
We finance 90 Days, Same as Bankruptcy!	我們提供 90 天分期付款，跟破產一樣！
With every purchase over $5200, we're giving away free Chapter 11 Auto-Filers!	購買超過 $5200，我們送免費破產第 11 章自動申請表！
Please be aware that our Extended Service Contract excludes parts and labor.	請注意我們的延長服務契約不包括零件和工資。
Welcome to QT Clothing. We will sell you anything, no matter how bad it looks.	歡迎來到 Q.T 服飾店。我們什麼都賣，不管看起來多難看。
Welcome to QT Clothing. Meet our tailor, Howie Fitzhugh!	歡迎來到 Q.T 服飾店。介紹我們的裁縫 Howie Fitzhugh！
Welcome to QT Clothing. Our ties don't bind and our belts are a cinch.	歡迎來到 Q.T 服飾店。我們的領帶不綁、腰帶很舒服。
Welcome to QT Clothing. We have legal briefs and law suits.	歡迎來到 Q.T 服飾店。我們有法律簡述和訴訟套裝。
Welcome to QT Clothing, open 24 hours...we never clothes!	歡迎來到 Q.T 服飾店，24 小時營業…我們從不打烊！
Welcome to QT Clothing. Thursday is Double Shoulder Pad Day!	歡迎來到 Q.T 服飾店。星期四是雙倍肩墊日！
Welcome to QT Clothing. Wear our clothes and you'll be a QT, too!	歡迎來到 Q.T 服飾店。穿上我們的衣服，你也會變成 Q.T！
Welcome to QT Clothing. The only place in the world where you can buy just 1 pant!	歡迎來到 Q.T 服飾店。世界上唯一可以只買 1 件褲子的地方！
Welcome to QT Clothing. Try on our soothing new Medicated Tux!	歡迎來到 Q.T 服飾店。試試我們舒緩的新醫療燕尾服！
My! Don't WE look nice today!	哇！我們今天看起來真漂亮！
It's the real you.	這才是真正的你。
Spiffy.	精美。
Faaabulous!!!	太棒了！！！
Our clothes are of the highest quality.	我們的衣服品質最高。
Have a wonderful day!	祝你有美好的一天！
Lookin' good!	看起來不錯！
You can't go wong at QT.	在 Q.T 不會出錯。
Perhaps you should stock up now while the prices are so reasonable.	也許你應該趁價格這麼合理時囤貨。
With your figure, perhaps you should consider going to a tent maker.	以你的身材，也許你應該考慮去帳篷店。
Oooh, you look good enough to eat!	唔，你看起來好吃到不行！
Don't you just love the new spring fashions? Tres magnifique!	你不喜歡新春裝嗎？非常優雅！
It's nice like that, just a tad tight around the bottom.	很不錯，就是下面稍微有點緊。
Good choice...rayon is back in this year!	好選擇…人造絲今年又流行了！
Now what are you going to do about your HAIR?	現在你要怎樣對付你的頭髮？
Don't forget to accessorize!	別忘了搭配配飾！
Nice! It really accentuates those pectorals.	不錯！真的突顯那些胸肌。
You know, a little tummy tuck would take care of that slight pucker in back.	你知道，小腹部整形就能解決後面那點皺紋。
Stop slouching and it won't crease across the torso.	停止駝背，就不會在軀幹上起褶。
With a physique like yours, you could wear ANYthing!	以你的身材，你可以穿任何東西！
Let me mention just two little words. Lipo. Suction.	讓我只說兩個小詞。抽脂。吸管。
Welcome to Monolith Burger. Our Assistant Manager knows the Heimlich Manuever!	歡迎來到大石頭漢堡店。我們的副經理懂海姆立克急救法！
Welcome to Monolith Burger. Next week, come meet Monny the Burger Clown!	歡迎來到大石頭漢堡店。下週來見我們的漢堡小丑 Monny！
Welcome to Monolith Burger. You just missed Monny the Burger Clown!	歡迎來到大石頭漢堡店。你剛好錯過漢堡小丑 Monny！
Welcome to Monolith Burger. Buy 'em by the bushel!	歡迎來到大石頭漢堡店。一大堆買吧！
Welcome to Monolith Burger. Our food is untouched by human hands, only by teenagers.	歡迎來到大石頭漢堡店。我們的食物沒被人類的手碰過，只被少年碰過。
Welcome to Monolith Burger. Cleanest restrooms in the game!	歡迎來到大石頭漢堡店。遊戲裡最乾淨的廁所！
Welcome to Monolith Burger. Free bibs with every order of Lobster Nuggets!	歡迎來到大石頭漢堡店。每份龍蝦塊都送免費圍兜！
Welcome to Monolith Burger. Try a box of Chocolate-Like(R) Cookie Shards!	歡迎來到大石頭漢堡店。試試一盒巧克力風味® 餅乾碎片！
Welcome to Monolith Burger. Have you played our Guess the Chicken Part Game?	歡迎來到大石頭漢堡店。你玩過我們的「猜雞肉部位」遊戲嗎？
Welcome to Monolith Burger. Special orders will take an extra 45 minutes.	歡迎來到大石頭漢堡店。特別訂單需要額外 45 分鐘。
Welcome to Monolith Burger. Our soup today is Cream of Taco.	歡迎來到大石頭漢堡店。今天的湯是玉米餅奶油湯。
Welcome to Monolith Burgers. Home of the Toemain Express and the Stomach Pump special.	歡迎來到大石頭漢堡店。腳趾明快特餐和胃泵特餐的家鄉。
Welcome to Monolith Burgers, where we use only 100% Pure Extruded Beeflike Product!	歡迎來到大石頭漢堡店，我們只用 100% 純擠出式牛肉類產品！
Welcome to Monolith Burgers, where even the wrappers have wrappers!	歡迎來到大石頭漢堡店，連包裝紙都有包裝！
Welcome to Monolith Burgers, where our Food(TM) is patented!	歡迎來到大石頭漢堡店，我們的食物® 是專利產品！
Welcome to Monolith Burgers. Our buns are the softest!	歡迎來到大石頭漢堡店。我們的麵包最柔軟！
Welcome to Monolith Burgers, where our fat is always freshly rendered!	歡迎來到大石頭漢堡店，我們的油脂總是新鮮熬製！
Welcome to Monolith Burgers, where quality eats are in the bag!	歡迎來到大石頭漢堡店，優質美食就在袋子裡！
Welcome to Monolith Burgers, where our drinks have twice the ice!	歡迎來到大石頭漢堡店，我們的飲料有兩倍的冰！
Welcome to Monolith Burgers, where our burgers come from contented cows!	歡迎來到大石頭漢堡店，我們的漢堡來自滿足的牛！
Will that be all?	就這些嗎？
Would you like fries with that?	要加薯條嗎？
Something else with that?	還要別的嗎？
Take some home for your family too.	帶一些回家給你的家人。
Have a nice day.	祝你愉快。
Sounds delicious.	聽起來很好吃。
Will that be cash or charge? Tee hee.	要付現還是刷卡？呵呵。
Well, aren't WE happy today.	嗯，我們今天真開心呀。
Would you like some Thousand Isla...I mean, Secret Sauce, with that?	要加千島…我是說秘製醬汁嗎？
Does your Mother know you're eating here?	你媽知道你在這裡吃飯嗎？
Incidentally, we also sell used hairnets.	順便說一下，我們也賣二手髮網。
Our pure beef burgers have half the soybeans of the other leading brands!	我們的純牛肉漢堡的大豆含量只有其他品牌的一半！
Would you like some deep-fried potatoes and deep-fried pie with your deep-fried sandwich?	要加炸薯條和炸派來配你的炸三明治嗎？
This week only: buy two burgers and get the shakes for free!	本週特惠：買兩個漢堡送免費奶昔！
You can save 45 minutes by flushing that right now.	你現在把那個沖掉就能省 45 分鐘。
Mmmmm...that looks almost good enough to eat!	唔…看起來幾乎可以吃啦！
We now make our sandwiches from 100% biodegradable material!	我們現在用百分之百可分解的材料做三明治！
Is that 'to go,' to eat here, or neither?	要外帶、內用，還是都不要？
Please dispose of trash properly!	請妥善處理垃圾！
Would you like a Prepubescent Irradiated Kung Fu Tortise statuette with that?	要加一個未成熟輻照功夫龜雕像嗎？
Our Manager would like you to sign a petition to abolish the Minimum Wage.	經理希望你簽署廢除最低薪資的\n請願書。
Did you know there's only 45 calories per french fry?	你知道嗎？每根薯條只有 45 卡路里。
Next to disposable diapers, we're the most familiar sight on the highways!	除了一次性尿布，我們是高速公路上\n最常見的景象！
Have you tried our new Breakfast Chile Releno?	你試過我們新推出的早餐\n辣椒釀起司嗎？
This is my first job, so forgive me if I totally mess up your order.	這是我的第一份工作，如果我搞砸\n你的訂單，請原諒我。
Try our new Licorice 'n Liver Shake!	試試我們的新甘草肝臟奶昔！
Did you want a handful of ketchup packets with that?	要加一把番茄醬包嗎？
Remember, if it's a 6-lb. Beefburger, it must be a Monolith!	記住，如果是六磅漢堡，\n一定是大石頭漢堡！
Our burgers aren't broiled OR fried...they're poached!	我們的漢堡不是烤的也不是炸的…\n是水煮的！
You can find us in any town...just follow the trail of empty wrappers!	你可以在任何地方找到我們…\n只要跟著空包裝紙的軌跡！
Remember...NO food is better than OUR food!	記住…沒有食物比我們的食物\n更好吃！
Would you like to take home some complimentary advertising on a placemat?	要帶一個免費廣告墊子回家嗎？
Our shakes are so thick, you can't even swallow 'em!	我們的奶昔太濃稠了，\n你根本吞不下去！
Help yourself to a piece of our new 90-foot Compressed Salad Bar!	自取一份我們的新九十呎\n壓縮沙拉吧！
Free refills if you can finish one cup of our coffee!	如果能喝完一杯我們的咖啡，\n免費續杯！
Welcome to Z-Mart. Home of low cost, low quality, and cheap help.	歡迎來到 Z-超商。低成本、低品質、廉價勞工的家。
Welcome to Z-Mart, where low prices don't always mean low quality!	歡迎來到 Z-超商，低價不一定\n代表低品質！
Welcome to Z-Mart. Our overhead is so low, the clerks are stoop- shouldered!	歡迎來到 Z-超商。我們的開銷這麼低，\n店員都駝背了！
Welcome to Z-Mart. Our overhead is so low, we hire only midgets!	歡迎來到 Z-超商。我們的開銷這麼低，\n只聘請小矮人！
Welcome to Z-Mart. If we see a line with more than 50 people waiting, we'll open another!	歡迎來到 Z-超商。如果看到超過\n五十人排隊，我們會開第二台收銀機！
Welcome to Z-Mart, where our everyday values are other stores' remainders!	歡迎來到 Z-超商，我們的日常商品\n是其他店的滯銷品！
Welcome to Z-Mart, where shoddy merchandise comes home to roost!	歡迎來到 Z-超商，劣質商品\n在此落地生根！
Welcome to Z-Mart, where yesterday's trash is today's bargain!	歡迎來到 Z-超商，昨天的廢品\n是今天的便宜貨！
Welcome to Z-Mart. If you can't find it here, it must be worth having!	歡迎來到 Z-超商。如果在這裡找不到，\n那就表示真的值得擁有！
Welcome to Z-Mart, where Quality is something we often talk about!	歡迎來到 Z-超商，品質是我們\n經常談論的東西！
Welcome to Z-Mart, where we've closed over 600 stores from coast- to-coast!	歡迎來到 Z-超商，我們已從東到西\n關閉超過六百家分店！
Thank you for shopping at Z-Mart.	感謝您在 Z-超商購物。
Have a very good day!	祝你有美好的一天！
Have you checked out our red light specials?	你看過我們的紅燈特價嗎？
Please visit us again soon.	請盡快再來訪問我們。
Can I have a price check on register two please!	請幫我查一下第二台\n收銀機的價格！
Come back again. We have new specials each week.	再回來。我們每週都有新特價。
If you want cheap, we got it.	如果想要便宜貨，我們有。
Save some for our next...customer.	留一些給我們的下一位…顧客。
Well, you get what you pay for!	嗯，一分錢一分貨！
Check out our new shipment of Taiwanese microwave cozies!	看看我們新進的台灣製\n微波爐套！
Don't forget to look in Aisle 14 for slightly irregular automotive parts!	別忘了去第十四走廊看\n有點不規則的汽車零件！
Be sure to look for our service department...and if you find it, let us know!	務必找我們的服務部…\n如果你找到了，請告訴我們！
Have you noticed our 83-piece steak knife set for only $4.95?	你注意到我們的八十三件牛排刀組\n只要 $4.95 嗎？
We're having a special on dented or scratched floppy disks...only $3.50 a box!	我們的凹陷或刮傷磁片特價…\n每盒只要 $3.50！
Take a look in Aisle 22 for half-price batteries. Sorry, demo models only!	去第二十二走廊看半價電池。\n抱歉，只有展示模型！
If you don't see what you're looking for, look underneath something else!	如果看不到你要的，\n就看別的東西下面！
Welcome to the Pawn Shop. Nothing is too hot for us to handle.	歡迎來到當舖。沒有我們\n處理不了的東西。
Welcome to the Pawn Shop. Down on your luck? Save the story for someone who hasn't heard it.	歡迎來到當舖。運氣不好？\n把故事留給沒聽過的人。
Welcome to the Pawn Shop. I may look mean on the outside, but I've got a heart of stone.	歡迎來到當舖。我看起來凶，\n但我有顆石頭般的心。
Welcome to the Pawn Shop. Why crawl to anybody else?	歡迎來到當舖。為什麼要去\n別人那邊？
Welcome to the Pawn Shop, where we pardon your beg!	歡迎來到當舖，我們原諒你的乞求！
Welcome to the Pawn Shop. Your first stop on the way down the corporate ladder!	歡迎來到當舖。你走下公司階梯\n的第一站！
Welcome to the Pawn Shop. Where 'pawn' is just another word for nothing left to lose!	歡迎來到當舖。「當舖」就是\n「一無所有」的另一個詞！
Welcome to the Pawn Shop. Please don't beg, it scuffs the carpet.	歡迎來到當舖。請別乞求，\n會刮傷地毯。
If ya ever need cash, I'm here.	你什麼時候需要現金，我就在這。
Y'all com'back now, y'hear.	各位再來喔，聽到沒。
You know a good deal when you see one.	你看得出好交易。
Come and see us again please.	請再來看我們。
What else can I do for ya today?	今天還能幫你什麼？
Can I interest you in something else?	要不要考慮買別的？
You don't have anything to sell.	你沒有東西可賣。
No Redeemable Items.	沒有可贖回的物品。
No Pawned Items For Sale.	沒有典當物品出售。
Sorry, I really do not have room to buy anything else.	抱歉，我真的沒有空間\n買別的了。
Sorry, I don't need another one of those.	抱歉，我不需要再要一個。
I'll give you $%d for your %s, take it or leave it.	我出 $%d 買你的 %s，要不要。
Market	市價
Value	價值
Your	你的
Holdings	持有物
You don't have enough cash!	你現金不足！
A $3 Broker's fee is deducted for the sale of each T-Bill.	每次售出公債會扣 $3 的經紀費。
You do not own any shares.	你沒有持有任何股票。
DUMMY	虛擬
BANKS FALTER!\nSAVINGS LOST!  JOBS LOST!	銀行搖搖欲墜！\n存款賠光！  工作沒了！
SCANDAL ON WALL ST.  ECONOMY\nDROPS! UNEMPLOYMENT RISES	華爾街醜聞！  經濟\n下跌！失業率飆升
MORE S & L'S FAIL!\nECONOMY SUFFERS	更多儲貸機構倒閉！\n經濟受創
INFLATION IS UP\nPRICES COULD SOAR!	通脹飆升\n物價可能暴漲！
GOLD OUTLOOK IS GOOD	黃金前景看好
GOLD INVESTMENTS\nLOOK TARNISHED	黃金投資\n前景黯淡
GOOD TIMES AHEAD FOR SILVER	白銀前景光明
EXPERTS AGREE\nGET OUT OF SILVER	專家一致認為\n賣出白銀
PRESIDENT EATS PORK RINDS	總統吃豬皮
GENERAL POPULATION HATES\nPORK RINDS	大眾討厭\n豬皮
BLUE CHIP STOCKS\nOUTLOOK ROSEY	績優股\n前景看好
HARD TIMES AHEAD\nFOR BIG BLUE	龍頭股將面臨\n困難時期
PENNY STOCKS ARE WISE\nINVESTMENT	便宜股是明智的\n投資
PENNY STOCKS NOT\nWORTH A DIME	便宜股\n一文不值
WILD WILLY RIPS OFF\nANOTHER APARTMENT	瘋狂威利又\n騙走一套公寓
WILD WILLY HAS LIFTED\nANOTHER WALLET	瘋狂威利又\n偷了一個皮夾
BIG LOTTERY WINNER!	大樂透得主！
INVESTMENTS RECOMMENDED	建議投資
INVESTMENTS NOT RECOMMENDED	不建議投資
ECONOMIC OUTLOOK GOOD	經濟前景良好
ECONOMIC OUTLOOK POOR	經濟前景不佳
UNEMPLOYMENT IS ON\nTHE RISE	失業率正在\n上升
UNEMPLOYMENT IS DOWN	失業率下降
NOBODY YOU KNOW\nWON THE LOTTO!	沒有你認識的人\n贏得樂透！
PRESIDENT HATES BROCCOLI	總統討厭花椰菜
MORE FAST FOOD PLACES\nUSING SOY BEANS	更多速食店\n採用黃豆
SCHOOL ENROLLMENT UP	學校招生人數增加
SCHOOL ENROLLMENT DOWN	學校招生人數下降
THERE IS MONEY IN\nCOMPUTERS	電腦業有金礦\n待開採
HOUSING MARKET LOOKS GOOD	房市看好
SALES OF NEWSPAPERS\nHAVE SKYROCKETED	報紙銷售\n暴增
PAWN SHOPS SERVE\nUSEFUL PURPOSE	當舖發揮\n重要作用
NORTH SHORE OF BASS\nLAKE SINKS	低音湖北岸\n下沉
ALICE COOPER GIVES BIRTH\nTO TWIN BOYS	愛麗絲．庫柏誕下\n雙胞胎男嬰
COARSEGOLD PURCHASED BY\nJAPAN	粗金鎮被日本\n收購
SPACE QUEST III WINS\nBIG AWARD	太空探險隊III\n贏得大獎
ELVIS SIGHTED AT KFC\nIN OAKHURST	貓王在橡樹鎮\nKFC 現身
TALKING BEAR KIDNAPPED!\nFBI INVESTIGATING	會說話的熊遭綁架！\nFBI 正在調查
KINGS QUEST XXIX GOES\nTO PRODUCTION	國王任務XXIX\n進入製作
MR. WHIPPLE FOUND SQUEEZED\nTO DEATH IN APARTMENT	威普爾先生在公寓內\n遭擠死
REAGAN'S NAP INTERRUPTS\nSPEECH	雷根打盹\n打斷演講
MOTHER GOOSE GETS DIVORCE!\nFEATHERS RUFFLED	鵝媽媽離婚！\n羽毛都豎起來了
MOTHER GOOSE SUSPECTED OF\nFOWL PLAY	鵝媽媽涉嫌\n違規行為
SALMON BITING OFF NORTH\nSHORE OF BASS LAKE	鮭魚在低音湖北岸\n頻繁咬人
NIXON MAKES ROCK VIDEO	尼克森拍搖滾音樂錄影帶
FORD STUMBLES ON CURE	福特意外發現治療法
NEW GOVT STUDY SHOWS GAME\nPLAYERS GET SICK TOO!	新政府研究顯示\n電玩玩家也會生病！
AMELDA M. LOOKING FOR\nA FEW GOOD SHOES	艾美達．M 尋找\n幾雙漂亮的鞋
NANCY IS LOOKING FOR A\nNEW DRESS	南茜在尋找\n新衣服
TYpEsETTrs U ion\ngoe oN STR KE!	排字工人工會\n罷工！
FIREMEN ARE ALWAYS\nIN HEAT	消防員永遠\n熱血沸騰
PRESIDENT FINALLY EATS\nBROCCOLI	總統終於\n吃花椰菜
PRESIDENT EATS BROCCOLI\nAND LIVES!	總統吃花椰菜\n而且活著！
STUDY SHOWS WE HAVE\nMORE LEISURE TIME	研究顯示我們擁有\n更多休閒時間
SOL.\nWE NEED A HEADLINE HERE!	天哪。\n我們需要頭條新聞！
TORNADO KILLS 8 THEN\nCOMMITS SUICIDE!	龍捲風殺害8人\n然後自殺！
CIGARETTES FOUND TO CAUSE\nLABORATORY ANIMALS!	香菸被發現導致\n實驗動物！
COURTS JAMMED!\nWAPNER REINSTATED!	法院爆滿！\nWapner 恢復主持！
GRAND CANYON DESIGNATED\nNATIONAL LANDFILL!	大峽谷被指定為\n國家垃圾掩埋場！
CELEBRITY BULLFIGHTING\nDISASTER; LESLEY GORED	名人鬥牛\n事故；萊斯利遭刺傷
GURUKA SINGH GETS HAIRCUT!\nPHOTOS UNDER WRAPS!	古魯卡．辛格剪髮！\n照片保密！
RAP GROUP ARRESTED FOR\nNOT STARTING RIOT!	嘻哈樂團因未\n引發暴動遭捕！
TRAILER PARK DEMOLISHES\n6 TORNADOES!	房車停車場摧毀\n6 場龍捲風！
Works at %-16s	工作於 %-16s
As a %-20s	身分為 %-20s
Hourly wage: $%-11d	時薪：$%-11d
Unemployed	失業中
Cash: $%-18s	現金：$%-18s
Savings: $%-15s	存款：$%-15s
Rent Owed: $%-13d	欠房租：$%-13d
Loan Balance: $%-10d	貸款餘額：$%-10d
Total Goods: $%-11d	總財產值：$%-11d
Investment Total: $%-6s	投資總額：$%-6s
Net Worth: $%-13s	淨資產：$%-13s
-----GOODS-----	-----商品-----
Casual Clothes  	便服
Dress Clothes   	禮服
Business Suit   	商務套裝
%3d Weeks of Food        	%3d 週的食物
---EDUCATION---	---教育---
--INVESTMENTS--	--投資--
Filler	填充
You spent the whole weekend watching some of the food in your refrigerator grow mold and spores. It sure was fun.	你整個週末都在看冰箱裡的食物長黴菌和孢子。真的很有趣。
You spent the whole weekend watching the water in your refrigerator freeze.	你整個週末都在看冰箱裡的水結冰。
You spent the weekend baking oatmeal cookies.	你週末烤燕麥餅乾。
You spent the entire weekend watching Star Trek reruns.	你整個週末都在看星艦奇航記重播。
You rented some movies and ate artificially flavored buttered popcorn.	你租了些電影並吃了人工香味奶油爆米花。
You spent the weekend playing your stereo and patching the plaster your speakers cracked.	你週末放立體聲音樂並修補揚聲器裂開的牆面。
You spent the weekend cleaning your microwave after you tried to dry your pet rat in it. You also need a new pet rat.	你週末清潔微波爐，因為你試著在裡面烘乾寵物鼠。你還需要一隻新寵物鼠。
You and some friends had a Hottub party this weekend.	你和一些朋友週末舉辦了熱水浴池派對。
You played games on your computer all weekend.	你整個週末都在玩電腦遊戲。
You watched CELEBRITY INCOME TAX EVASION on TV this weekend.	你週末看電視上的「名人逃稅」節目。
You read all about the mating habits of the North American computer programmer in your encyclopedia.	你在百科全書中讀了北美電腦程式設計師的交配習性。
You read your dictionary all weekend. Boy, that was fun.	你整個週末都在讀字典。天哪，真有趣。
You read your atlas and commited the population of 43 countries to memory. OH WOW!!!	你讀地圖集並記住了43個國家的人口。喔哇！！！
You went to the baseball game this weekend and ate hotdogs till you puked.	你週末去看棒球比賽並吃熱狗直到吐。
You went to the theatre this weekend and saw the one MAN version of Cats.	你週末去劇院看了「貓」的獨角戲版本。
You had front row seats at a rock concert. The doctor said that the hearing loss shouldn't be permanent.	你在搖滾演唱會有前排座位。醫生說聽力損失應該不會永久。
You watched them change the mannequins at QT Clothing this weekend.	你週末看了Q.T服飾店換衣服模特的過程。
You washed and waxed your marble this weekend right before it rained.	你週末洗臘大理石，結果馬上下雨。
You stayed home and did absolutely nothing this weekend.	你週末待在家裡什麼都沒做。
You spent the weekend hiking around Yosemite.	你週末在優勝美地登山。
You listened to the Talking Bear 256 times this weekend.	你週末聽了會說話的熊256次。
You read the 'Wall Street Journal' this weekend.	你週末讀了《華爾街日報》。
You thought about what you would do on your next turn.	你想著下次輪到你時要做什麼。
You spent the weekend in a hotel because they had to fumigate your apartment.	你週末在飯店住，因為他們必須對你的公寓進行薫蒸。
You played in a ping pong tournament this weekend.	你週末參加了乒乓球錦標賽。
You pitched horseshoes in your apartment all weekend. The people downstairs love you.	你整個週末都在公寓裡扔馬蹄鐵。樓下的人很愛你。
You sat around and played solitaire all weekend.	你整個週末都坐著玩紙牌遊戲。
You went panning for gold this weekend, but all you got was wet.	你週末去淘金，但只淘到了水。
You spent the weekend in the laundromat washing your clothes. Now that was exciting.	你週末在洗衣店洗衣服。那真刺激。
You took a friend out to a cheap restaurant this weekend.	你週末帶朋友去便宜餐廳。
You went out and caught your own froglegs this weekend.	你週末出去自己抓青蛙腿。
You crawled around on your knees chasing snails this weekend.	你週末跪著爬行追逐蝸牛。
You spent your weekend thinking about work. Eccch.	你週末想著工作。呃。
You spent your weekend trying to remove the mildew between the shower tiles.	你週末試著清除淋浴瓷磚間的黴菌。
You spent the weekend listening to the newlyweds in the next apartment set up a new waterbed.	你週末聽著隔壁公寓的新婚夫婦設置新水床。
This weekend, you won first prize in a beauty contest and collected $10. Whoops, wrong game.	這個週末，你在選美比賽贏得首獎並獲得$10。糟糕，遊戲錯了。
This weekend, you closed your curtains, locked your doors, turned off the lights, and ate presweetened morning breakfast cereal, with little marshmallows!	這個週末，你關上窗簾、鎖上門、關上燈、吃加糖早餐穀物加小棉花糖！
You played stickball this weekend with the neighborhood kids and ended up wrenching your back and spraining your ankle.	你這個週末和鄰居小孩玩棒壘球，結果扭傷了背部和腳踝。
You read a romance novel, NURSE'S TURN TO CRY, in one sitting.	你一口氣讀完了言情小說《護士的哭泣時刻》。
You took a long hot bath this weekend and emerged looking like a California Raisin.	你這個週末洗了很久的熱水澡，結果看起來像加州葡萄乾。
You watched a torrid romance movie, LIBRARIAN'S DILEMMA, this weekend.	你這個週末看了熾熱的言情電影《圖書館員的困境》。
One of your fillings came loose this weekend. It's a good thing you're handy with a soldering iron.	你這個週末的補牙脫落了。幸好你對焊槍得心應手。
You spent the weekend examining yourself under the fluorescent lights in the bathroom. Eccch!	你花了整個週末在浴室的日光燈下檢查自己。噁！
You spent the weekend wondering if black holes were lit with black lights.	你花了整個週末想知道黑洞是否用黑光照亮。
This weekend, you hung out at the mall, filled up on junk food, and made your mother ashamed of you.	這個週末，你在購物中心閒晃、吃滿了垃圾食品，讓你媽為你感到羞恥。
You went bowling with friends this weekend.	你這個週末和朋友去打保齡球。
You played two rounds of golf this weekend.	你這個週末打了兩輪高爾夫。
This weekend, you had to bail your nephew out of jail.	這個週末，你得把侄子從牢裡保釋出來。
You had your marble repainted this weekend.	你這個週末把你的彈珠重新粉刷了。
You played in a volleyball tournament this weekend.	你這個週末參加了排球錦標賽。
You took a friend out to an expensive restaurant this weekend.	你這個週末帶朋友去了高級餐廳用餐。
You went to San Diego to play in the Over The Line Tournament.	你去聖地牙哥參加了越線錦標賽。
You went to Las Vegas in a $20,000 car and came back in a $200,000 Greyhound bus.	你開著兩萬美元的車去拉斯維加斯，卻坐著二十萬美元的灰狗巴士回來。
You tried to drive to Hawaii to watch a surfing contest.	你試著開車去夏威夷觀看衝浪比賽。
You went scuba diving in La Jolla.	你在拉霍亞去潛水。
You went deep sea fishing this weekend.	你這個週末去深海釣魚。
You volunteered to take the local scouts to Disneyland.	你自願帶當地的童子軍去迪士尼樂園。
You drove the senior citizens' bus this weekend and they drove you - crazy.	你這個週末開著銀髮族的巴士，他們讓你發瘋。
You helped several little old ladies cross the street to get to their aerobics class.	你幫幾位老太太過馬路去上有氧課程。
You visited a sick friend in the hospital. REALLY!	你去醫院探望了生病的朋友。真的！
You spent $%d.	你花費了 $%d。
  WINNER	  冠軍
2ND PLACE	亞軍
3RD PLACE	季軍
4TH PLACE	第四名
How Many Players?	有多少位玩家？
Food	食物
Astro Chicken	太空雞
Hamburgers	漢堡
Cheeseburgers	起司堡
Shakes	奶昔
Fries	薯條
Colas	可樂
Newspaper	報紙
Lottery Tickets	彩券
Trade School	技職學校
Electronics	電子學
Pre Engineering	工程預科
Engineering	工程學
Junior College	專科
Business Admin.	企管
Academic	學術
Graduate School	研究所
Post Doctoral	博士後
Research	研究
Publishing	出版
Refrigerator	冰箱
Freezer	冷凍庫
Stove	爐具
Color TV	彩色電視
Vcr	錄放影機
Stereo	音響
Microwave	微波爐
Hot Tub	按摩浴缸
Computer	電腦
Black & White TV	黑白電視
Encyclopedia	百科全書
Dictionary	字典
Atlas	地圖集
Business Suit	西裝
Leisure Suit	休閒服
Casual Clothes	便服
Baseball Tickets	棒球票
Theatre Tickets	戲票
Concert Tickets	演唱會票
Rent Low Cost	租平價屋
Rent Security	租保全屋
Clerk	店員
Janitor	工友
Cook	廚師
Assist. Manager	副理
Manager	經理
Salesperson	業務員
Teacher	教師
Professor	教授
Assembly Worker	裝配工
Secretary	秘書
Machinist Helper	技工助手
Exec. Secretary	執行秘書
Machinist	技工
Engineer	工程師
Department Mgr.	部門經理
General Mgr.	總經理
Teller	行員
Broker	經紀人
Checker	收銀員
Butcher	肉販
Groundskeeper	園丁
Apartment Mgr	公寓經理
Repairman	維修員
T-BillS	國庫券
Gold	黃金
Silver	白銀
Pork Bellies	豬腩期貨
Blue Chip Stocks	績優股
Penny Stocks	低價股
Low Cost Apartment	平價公寓
Rent Office	租屋中心
Security Apartment	保全公寓
Black's Market	布萊克超市
Bank	銀行
Factory	工廠
Employment Office	職業介紹所
University	大學
Socket City	插座城
QT Clothing	Q.T服飾
Monolith	大石頭漢堡
Z-Mart	Z超商
Pawn Shoppe	當舖
The software you are now using was produced\nthrough the efforts of many people:\ndesigners, artists, programmers, musicians,\nand many other hard-working professionals.\n\nIf you make copies of this software for any\nreason other than to make a personal backup,\nyou are not only breaking the law, but raising\nthe cost of software for all legitimate users.\n\nPLEASE\nDO NOT MAKE ILLEGAL COPIES OF THIS GAME !	您現在使用的軟體是由許多\n人共同努力製作的：\n設計師、美術、程式設計師、\n音樂家及許多其他勤奮的\n專業人士。\n\n若您複製此軟體的目的\n不是製作個人備份，\n您不僅違反法律，\n也提高了所有合法使用者的\n軟體成本。\n\n請勿製作\n本遊戲的非法複製！
The disk is full. You must use another disk. Save Aborted.	磁碟已滿。請使用其他磁碟。\n儲存已中止。
The game has been saved.	遊戲已儲存。
The saved game was saved under a different interpreter. It cannot be restored.	此存檔是在不同版本下儲存，\n無法還原。
Can't Restore. No previously saved game was found.	無法還原。找不到之前的\n存檔。
New save-game directory:	新的存檔目錄：
%s\nis not a valid directory	%s\n不是有效的目錄
Please insert your %s disk in drive %s.	請將您的 %s 磁片插入\n磁碟機 %s。
File: %s	檔案：%s
JONES IN THE FAST LANE\nAdditional Programmers:\nSol Ackerman,\nDavid Slayback\n\nAdditional Artists:\nMike Milo,\nDave Willardson,\nCalvin Patton,\n\nVersion %s	人生劇場\n額外程式設計師：\nSol Ackerman,\nDavid Slayback\n\n額外美術設計：\nMike Milo,\nDave Willardson,\nCalvin Patton,\n\n版本 %s
JONES IN THE FAST LANE\nDevelopment System:\nJeff Stephenson, Robert Heitman,\nPablo Ghenis, John Hartin,\nDan Foy, Larry Scott,\nMark Hood, John Rettig\nCorey Cole, Eric Hart.\n\nSound Effects: Ken Allen\n\nDialogue: Josh Mandel\nSol Ackerman, Warren Schwader	人生劇場\n開發團隊：\nJeff Stephenson, Robert Heitman,\nPablo Ghenis, John Hartin,\nDan Foy, Larry Scott,\nMark Hood, John Rettig\nCorey Cole, Eric Hart.\n\n音效設計：Ken Allen\n\n對白：Josh Mandel\nSol Ackerman, Warren Schwader
      JONES IN THE FAST LANE\nF1 - Help - This screen\nF2 - Music on/off \nF3 - Sound Effects on/off \nF4 - Current Player's Statistics \nF5 - Saves the current game\nF6 - View Goals Screens\nF7 - Restores the saved game\nF8 - Non-essential messages on/off\nF9 - Restarts the game\nF10- About Jones	      人生劇場\nF1 - 說明 - 本畫面\nF2 - 音樂 開/關 \nF3 - 音效 開/關 \nF4 - 目前玩家的統計 \nF5 - 儲存目前遊戲\nF6 - 檢視目標畫面\nF7 - 還原已儲存的遊戲\nF8 - 非必要訊息 開/關\nF9 - 重新開始遊戲\nF10- 關於瓊斯
     JONES IN THE FAST LANE\nCtrl-Q - Quit\nCtrl-R - Change Reading Speed\nCtrl-S - Change Speed\nCtrl-T - Set Graphics Detail Level\nCtrl-V - Change Volume\nCtrl-Y - Set Save Directory\nCtrl-Z - Delete a Player\nEsc   - Menu Bar/Pauses Game\nLeft Mouse - Select\nMiddle Mouse/CTRL-Left - Goals\nRight Mouse/SHIFT-Left - Statistics	     人生劇場\nCtrl-Q - 離開\nCtrl-R - 變更閱讀速度\nCtrl-S - 變更遊戲速度\nCtrl-T - 設定圖形細節\nCtrl-V - 變更音量\nCtrl-Y - 設定存檔目錄\nCtrl-Z - 刪除玩家\nEsc   - 功能表列/暫停遊戲\n滑鼠左鍵 - 選擇\n滑鼠中鍵/Ctrl-左鍵 - 目標\n滑鼠右鍵/Shift-左鍵 - 統計
Restarting?	重新開始？
Quitting?	離開？
Saving a game will overwrite a previously saved game.\nContinue?	儲存遊戲將覆蓋之前的\n存檔。繼續？
Restore a saved game?	要還原存檔嗎？
Non-essential\nmessages ON.	非必要\n訊息 開啟。
Non-essential\nmessages OFF.	非必要\n訊息 關閉。
Delete this player?	刪除此玩家？
Another Statistics Screen is not allowed.	不允許再開啟統計畫面。
Another Goals Screen is not allowed.	不允許再開啟目標畫面。
%s\n[Collection of size %d]	%s\n[集合大小 %d]
%s\n[List of size %d]	%s\n[清單大小 %d]
%s\n[Set of size %d]	%s\n[集合大小 %d]
Turn Music Off	關閉音樂
Turn Music On	開啟音樂
Turn Sound Effects Off	關閉音效
Turn Sound Effects On	開啟音效
Place	地點
Player	玩家
Restart	重新開始
Quit	離開
Player 1	玩家一
Player 2	玩家二
Player 3	玩家三
Player 4	玩家四
Talker	說話者
Goods	商品
Consumable	消耗品
Durable	耐用品
Educational	教育用品
Consumables	消耗品
Durables	耐用品
Education	教育
Continue	繼續
Pay rent for 1 month.  	繳納一個月房租。
Ask For More Time.       	要求延期。
Rent Low-Cost Apartment  	租住低價公寓
Rent Security Apartment  	租住保安公寓
Pay Garnishment Balance  	償還扣押餘額
Food For 1 Week....	食物 一週份
Food For 2 Weeks..|	食物 兩週份
Food For 4 Weeks..	食物 四週份
10 Lottery Tickets|...|	10 張樂透彩票
Newspaper................|	報紙
Deposit  	存款
Withdraw  	提款
Loan Payment	償還貸款
Apply For Loan	申請貸款
See The Broker	找證券營業員
Z-Mart Discount	Z-超商優惠
Monolith Burgers	大石頭漢堡
Socket City Appliance	多插座城市電器
Hi-Tech University	高等技術大學
Enrollment Fee 	報名費
Refrigerator|.......	冰箱
Freezer|..............|	冷凍庫
Stove.................|	爐灶
Color TV.............	彩色電視
Stereo................|	立體音響
Microwave..........|	微波爐
Hot Tub..............	浴缸
Computer............	電腦
Business Suit  |	商務西裝
Dress Clothes  |	禮服
Hamburgers.........	漢堡
Cheeseburger.......|	起司漢堡
Astro Chicken.......|	太空雞
Fries....................	薯條
Shakes.................|	奶昔
Colas...................|	可樂
Refrigerator.....	冰箱.....
Stove|..............||	爐子|..............||
Stereo|.............||	立體音響|.............||
Color TV..........||	彩色電視..........||
Black & White TV||	黑白電視||
Microwave|.........|	微波爐|.........|
Casual Clothes...	便服...
Dress Clothes.....	正式服裝.....
Baseball Tickets..	棒球票..
Theatre Tickets...	劇院票...
Concert Tickets|..|	演唱會票|..|
Encyclopedia.....	百科全書.....
Dictionary..........	字典..........
Atlas.................|	地圖冊.................|
Dog Food...........|	狗糧...........|
8-Track Player...	八軌播放機...
Works of Capote|	卡波特作品|
Pawnable Items	可典當物品
Take It	拿走
Leave It	留下
Buyable Items	可購買物品
Redeemable Items	可兌換物品
Discount Store Jobs Available:	折扣超市工作機會：
Clerk              |||	店員              |||
Assistant Manager  	副經理
Manager           |	經理           |
Monolith's Jobs Available:	大石頭漢堡店工作機會：
Cook               ||	廚師               ||
Clerk               |	店員               |
Assistant Manager  |||	副經理  |||
Manager           ||||	經理           ||||
QT Clothing Jobs Available:	Q.T 服飾店工作機會：
Salesperson        ||	店員        ||
Socket City Jobs Available:	多插座城市電器行工作機會：
Salesperson         ||	店員         ||
Electronic's Repair   	電子產品維修
Manager            |	經理            |
University Jobs Available:	高等技術大學工作機會：
Janitor            |	工友            |
Factory Jobs Available:	工廠工作機會：
Janitor            |||	工友            |||
Assembly Worker    ||||	組裝工人    ||||
Secretary          ||	秘書          ||
Machinist's Helper   |	機械師助手   |
Executive Secretary ||	行政秘書 ||
Department Manager 	部門經理
General Manager    ||	總經理    ||
Bank Jobs Available:	銀行工作機會：
Teller              ||	出納員              ||
Investment Broker  |||	投資營業員  |||
Black's Market Jobs Available:	布萊克超市工作機會：
Checker            |	收銀員            |
Butcher           ||||	肉舖           ||||
Rent Office Jobs Available:	租屋中心工作機會：
Groundskeeper      ||||	保全員      ||||
Apartment Manager  	公寓經理
Happiness is accumulated by acquiring goods, achieving goals, taking time off from work, and helping little old ladies cross the street so that they don't get hit by any speeding marbles.	快樂透過購置商品、達成目標、遠離工作，以及幫助老婦人過馬路以免被飛過的彈珠擊中而累積。
Education is accumulated by attending the university and graduating from the classes offered. A computer and some reference books can be very beneficial to your studies.	學歷透過入學高等技術大學、修習課程而累積。電腦和參考書對學業幫助甚大。
Career is achieved by working hard, climbing the corporate ladder, improving your skills, dependability, and advancing your education. Remember, hire a kid, they have all the answers.	職業成就來自努力工作、晉升企業階梯、提升技能與可靠性，以及精進學歷。記住，聘僱小孩吧，他們什麼都懂。
Dialog	對話
Controls	控制
Normal	正常
Cancel	取消
Gauge	量表
Sound	音效
Change Directory	更改目錄
Cycle	循環
Motion	動作
gamefile.sh	gamefile.sh
controls	控制
Enter input	輸入
Turn Messages On	開啟訊息
 Options 	 選項
 Status 	 狀態
Change reading speed.	更改閱讀速度。
Reading Speed	閱讀速度
More Time	更多時間
Less Time	更少時間
Change animation speed.	更改動畫速度。
Game Speed	遊戲速度
Faster	更快
Slower	更慢
Change sound volume.	更改音量。
Sound Volume	音量
Louder	更大聲
Softer	更小聲
Change graphics detail level.	更改圖形細節等級。
Graphic Detail	圖形細節
More Detail	更多細節
Less Detail	更少細節
Feature	功能
Collect	收集
Script	劇本
Event	事件
 Would you like to\n\nchallenge Jones?	 你想不想\n\n挑戰瓊斯？
    Would you\n\n   like Jones to:	  你希望瓊斯\n\n   選擇：
Goal Points = 	目標點數 = 
